"","0.01","0.12","0.23","0.34","0.45","0.56","0.67","0.78","0.89","1"
"1",4.60517018536973,4.60517018477622,4.60517018580086,2.65809335659611,4.60517018577825,4.60517018094518,4.60517018492939,4.60517018594518,4.01297315602326,4.60517018567955
"2",4.60517016490645,4.60517018568013,2.50609070932006,4.6051701827453,4.6051701856513,4.6051701858933,3.58787814929474,4.60517018597184,1.8989742005017,4.60517018561507
"3",4.60517018365181,4.60517018598728,2.95467944968591,4.60517018593119,4.60517018569699,4.60517018596488,4.60517018591821,4.60517018579554,4.6051701857721,4.60517018596775
"4",4.60517018149449,4.60517018562927,4.60517018585299,4.56943510588779,3.62100425994491,4.60517018597569,4.6051701859229,4.13117434752823,4.10336971239008,4.60517018597091
"5",4.60517018343802,4.60517018513649,3.14288569662803,4.60517018581223,1.72616589098908,4.45476156329099,4.60517018571558,4.60517018598267,4.34263545721004,4.60517018591025
"6",4.60517017433919,4.30795799309438,4.60517018516661,4.19068098451507,1.56640200918179,4.60517018585912,4.60517018585625,4.60517018575624,4.60517018597025,4.60517018596846
"7",4.60517016674615,4.60517018538632,4.60517018582519,4.60517016837338,4.6051701859078,4.60517018588433,4.60517017868301,4.60517018596923,4.6051701859861,4.6051701859858
"8",3.82871124481618,4.60517018585969,4.6051701859823,4.60517018598094,4.60517018554606,3.63867877304119,4.60517018594285,4.60504998826966,2.74887402809313,4.60517018392034
"9",4.57128989282874,4.60517018417733,4.60517018595783,3.26889671410041,4.60517018521642,4.60517018597528,4.57987427593002,3.55059848778376,4.60517018471748,4.60517018593342
"10",4.36528857549436,4.60517018369918,4.60517018585838,3.56298635705781,1.96038508232181,-0.480626466948365,4.25420488507621,3.82479903437655,4.60517018597594,4.17830378032383
"11",4.6051701852892,4.60517015954436,4.60517018598307,4.60517018587602,4.60517018487542,4.60517018598478,4.60517018595343,4.60517018598543,4.60517018594581,4.6051701858037
"12",4.6051701746365,2.94554618414993,4.60517018593902,4.60517018582014,3.31870823309521,4.60517018589125,4.60517018572509,4.60517018598202,4.60517018580686,2.73708494941584
"13",4.60517018501682,4.60517018394758,2.10665385414153,3.48419314598013,4.60517018582344,3.50407582475842,4.60517018595161,4.60517018541923,2.18012846590455,4.60517018594678
"14",3.64671595329364,4.60517018540725,4.6051701859094,4.60517018528721,2.1356929426906,4.60517017569721,4.60517018592822,4.26638416122262,3.58084038181866,3.11257152997018
"15",4.14650253435752,-0.171395649789865,4.60517018595989,4.60517018593289,4.10179090605848,4.60517018581173,4.60517018594632,4.6051701859613,4.60517018594183,3.48115378759701
"16",4.60517016732869,4.60517018583881,4.60517018548376,4.60517018591126,4.60517018507576,4.16966197674472,1.98082461039616,2.63230924387994,4.60517018574586,3.39287238608622
"17",4.28634358279848,4.60517018568645,4.60517018595463,4.60517018596131,4.60517018589165,4.60517018516521,4.60517018594166,4.60517018578756,0.967831157051904,2.63702764790941
"18",4.51636093978854,4.60517018531422,3.32943387280338,3.52416394160225,1.23327679156372,4.60517018544935,3.15183828680412,1.07138700652331,4.60517018588777,2.25522408685342
"19",4.37368701194495,4.60517018587137,4.60517018594449,4.60517018582541,4.60517018587512,4.60517018587139,4.47325652019912,4.08042947289172,4.60517018577414,1.15169982449646
"20",4.6051701842067,4.47054548029794,4.60517018513784,3.67296531801502,3.91387453407934,4.60517018571683,4.60517018562456,2.17476395004542,4.60517018596221,4.60517018594882
"21",4.60517018427062,2.05642017631413,4.39642315738598,4.60517018551573,4.60517018596839,4.60517018594001,4.60517018589532,4.60517018590244,4.60517018577093,4.6051701853973
"22",4.60517017916038,-0.861520338829784,4.60517018529328,4.60517018582604,4.60517018597501,4.60517018595051,4.60517018598706,4.60517018580649,4.60517018492871,4.60517018325726
"23",3.44444902137158,3.2719849426113,4.60517018595778,4.60517018531829,4.60517018579644,4.11831373077028,1.05918299937888,4.60517018568913,4.33506703638272,4.60517018594061
"24",4.60517018339995,4.15939935238895,4.60517018580062,2.81858832974312,4.60517018596595,4.60517018541066,2.58243097277943,4.60517018561316,4.60517018596144,4.60517018591455
"25",4.60516965322995,1.14876341694835,4.60517018501423,4.60517018462497,3.7108971672602,4.60517018592351,3.51878410282762,4.60517018587342,4.60517018595075,4.6051701859424
"26",4.60517017561706,4.60517018594699,4.6051701842275,4.60517018521524,4.60517018568261,3.90889126190605,2.22456994630261,3.00184686820265,4.60517018498186,3.87402902221797
"27",3.98771048605495,4.34934995069822,4.60517018589805,4.60517018594251,4.60517018590282,4.52137109515326,4.60517018595803,0.249952034475569,4.60517018582328,2.93690725727325
"28",4.60517018148111,4.60517018572681,4.06595613681694,3.26460758895477,4.60517018576893,4.60517018595856,4.60517018589715,4.60517018598622,1.73008193130541,4.60517018597389
"29",4.54138270381804,2.26119646222692,4.60517018597196,4.33165446618371,4.605170185733,4.60517018556011,3.32792563840243,4.60517018598756,4.60517018546727,3.96887370671871
"30",3.92881112680035,4.60517018348687,2.09386936054595,1.76661391108756,4.38909969111531,4.60517018493498,4.60517018596138,4.60517018577514,4.60517018579748,4.6051701859457
"31",4.60517018266452,4.60517018560937,2.45907154286135,2.61698740045502,1.98336317982182,3.32225097673324,4.32286207934578,4.60517018596403,4.60517018597523,3.40276386780289
"32",4.60517016890809,4.60517018594179,4.60517018590534,4.60517018484856,4.60517018592638,4.60517018566615,4.60517018597969,4.60517018459021,4.6051701845735,3.94446474670542
"33",4.60517018126083,4.6051701859386,1.18539604470651,4.23109881141514,1.28191240110202,-0.00742644453669074,2.87214400332157,4.60517018595249,4.60517018598034,4.60517018589846
"34",3.34448506096791,4.60517018262104,2.15701350044537,2.30331484979449,3.63255848967306,4.60517018598789,4.60517018598088,2.47161230714258,4.60517018575507,4.60517018598108
"35",4.60517018133744,4.60517018431646,4.60517018501838,4.60517018584821,3.92967286342875,3.57956418172215,4.60517018556305,4.01271103020746,4.60517018590238,4.60517018581157
"36",4.60517017726418,4.60517018596629,4.60517018590556,4.6051701859388,4.60517018596492,4.43670062976054,4.60517018596474,4.60517018597625,4.18995412215722,4.6051701859748
"37",4.60517017257253,4.34585908813719,4.60517018502716,3.77168164926259,3.68495288471996,4.60517018591715,4.4160254318722,4.60517018478146,2.74631082814176,4.00238625429029
"38",4.39120958831266,1.368488522429,4.60517018353528,4.60517018585023,4.60517018596451,4.60517018558514,1.9017793746012,4.60517018586643,4.60517018598418,2.73798204669521
"39",4.60517018189336,4.60517018585757,4.4863889222804,4.60517018531834,4.60517018598345,4.60517018598298,4.60517018584211,4.60517018597257,3.46124866459226,4.6051701855468
"40",1.71159356922196,4.60517018559102,4.60517018593139,4.6051701859688,4.60517018590703,2.99143464202523,3.6777412952036,4.60517018596533,1.93274222982338,4.60517018597176
"41",4.01697516442718,4.60517018590843,1.81054147666686,4.60517018589481,4.60517018587447,4.6051701859316,2.7254190878173,4.60517018589938,4.60517018570397,3.83365302123141
"42",4.60517018313206,4.60517018585978,4.38939250999722,1.76766882864098,2.74609903988615,4.60517018596371,3.17588231993263,4.6051701859512,4.60517018592216,4.60517018592444
"43",1.30061949766113,4.60517018589685,4.60517018572935,2.49785860316233,4.60517018598604,2.79579999197446,4.60517018573969,4.60517018596261,4.60517018569669,3.64906367771204
"44",4.60517018248925,4.6051701839537,4.60517017394379,4.6051701859036,3.40320140715711,3.88449972586832,2.95541820286282,4.60517018596093,4.6051701859555,4.60517018591594
"45",-2.51352060721814,3.99704566868912,4.60517018594135,1.79730587131061,3.91624787774539,4.60517018586168,4.60517018564987,2.45720172899905,4.43351528715641,4.60517018590673
"46",1.99902562176035,2.3818436980273,4.60517018596713,2.92191909138533,4.60517018596299,4.60517018591838,4.60517018394975,4.60517018504174,4.60517018597935,2.66443301541329
"47",4.60517018401427,4.42954112749719,3.30362811684786,4.60517018595192,3.79427931571601,4.60517018598583,4.60517018596767,4.6051701857277,4.60517018594192,2.72660902901637
"48",4.60517018575375,4.1965655659987,4.60517018533501,4.60517018536476,4.57361738085612,4.60517018584297,3.92816427274872,4.60517018595039,4.60517018598523,4.60517018595741
"49",3.90646321292655,4.6051701855968,3.58352838383813,4.60517018594547,4.60517018568002,4.60517018596838,4.60517018544695,4.60517018595576,4.6051701858818,4.60517018596701
"50",4.60517015763385,4.41608562752635,4.53462201975627,4.6051701859522,4.60517018569372,4.0845160251957,4.60517018591368,4.60517018586845,3.08049269117487,4.54994360434429
"51",3.84472783397607,4.60517018478188,4.59214943842453,4.60517018525015,3.95647457739571,2.23923019062818,4.22581176820518,4.60517018597602,4.19345030139525,2.52698211624036
"52",4.60517018491058,4.60517018580546,4.60517018573917,-2.8929855900376,4.60517018593104,3.23544171628595,4.60517018568547,4.60517018598406,4.60517018598293,4.60517018278961
"53",4.60517018543091,4.60517018579594,3.20870113373317,4.60517018108803,2.47471229467703,3.1691092887378,0.0350139700317981,2.70732402812871,4.60517018596261,4.60517018590096
"54",4.60517014807712,4.60517018591965,1.51471894737402,2.70513123771872,3.41343923041163,4.12850195094353,4.60517018596518,4.60517018506445,4.60517018593458,4.60517018484185
"55",0.0728523592530337,3.63930572094708,1.89254319935966,4.60517018579523,4.45406533597145,3.4910200794512,4.60517018494645,3.2157356591641,2.32547660091171,4.60517018472092
"56",4.60517006226149,4.52917388932556,3.35461452652684,2.512214387036,3.16437538170034,0.453809471655518,4.6051701859765,3.6496980399794,3.16728311226143,4.54541522588892
"57",4.60517012822528,4.60517018578214,4.60517018598726,4.60517018579836,4.60517018591692,4.60517018596761,1.3555851936452,4.60517018598495,4.60517018402035,4.6051701859559
"58",4.60517018279691,3.61465533578295,4.60517018594464,4.60517018522042,3.44212258296088,4.60517018595073,4.60517018593413,4.60517018595115,4.60517018579117,4.60517018597221
"59",4.60517017559269,4.35448467521749,1.42193992203865,4.60517018582631,4.60517018127237,4.60506959707703,4.60517018566995,4.60517018589175,4.60517018597284,-1.70805163379777
"60",4.6051701837029,4.60517018594104,3.78904998490606,4.60517018573726,4.60517018597577,4.60517018578024,4.60517018589985,2.52440840544621,3.92213906449513,4.6051701859848
"61",4.60517018472717,4.60517018480517,4.60517018571014,1.56538989383532,3.0714664863473,4.60517018573969,4.60517018372181,2.28371799356395,4.60517018523677,4.60517018507116
"62",4.60517018174332,4.60517018373575,4.60517018500376,2.50733164610543,4.6051701856327,4.60517018587619,4.6051701858222,1.95227759249829,4.60517018564454,4.6051701859318
"63",4.60517018329126,2.08707287285233,4.60517018595972,4.60517018598757,3.73290331951156,4.60517018595708,4.39114508762489,2.95029332887012,4.60517018492109,4.60517018597466
"64",4.60517018583245,4.60517018564834,4.60517018589374,4.60517018596262,4.60517018598658,2.97630960711926,4.60517018566927,4.60517018597992,4.60517018596997,3.88190412019338
"65",4.6051701784891,4.60517018594143,4.60517018332412,2.51116540271947,4.60517018553097,4.33662661622488,4.60517018573933,4.60517018598668,4.60517018568842,4.60517018588328
"66",1.72442815700107,3.4590619129563,4.6051701858739,4.60517018582026,4.60517018594599,4.60517018596946,4.60517018277275,4.60517018590772,4.60517018580802,4.60517018596482
"67",4.60517017531207,4.60517018543978,3.6055175861607,4.60517018584002,4.60517018597447,4.60517018323216,4.60517018593815,4.15371395241365,-1.0231320458704,4.25884191257956
"68",4.37486052233355,4.60517018589894,4.60517018567775,3.70213099428314,-0.518974836112236,2.94841519078476,4.60517018587697,2.57239312382158,4.10055061057653,4.60517018589408
"69",4.06549805644406,4.60517018591784,3.09810641052997,4.60517018586916,4.60517018594511,4.60517018597298,4.60517018597588,4.60517018598588,4.60517018596178,2.63385373558842
"70",4.60517016984547,4.60517018572563,4.60517018564218,4.60517018596286,4.60517018597245,4.60517018381604,2.90638955266397,4.60517018558369,4.60517018590633,4.60517018595152
"71",4.15337513381736,2.88758155315426,4.60517018594155,4.60517018514631,4.60517018584854,3.92995850355987,4.60517018594201,3.95810266212763,3.07649424105065,4.60517018595084
"72",4.41855197341691,3.09931078034521,2.68017930470292,4.60517018563456,4.60517018592917,4.60517018580069,4.60517018589826,4.60517018590369,4.15009655185602,4.60517018570408
"73",2.40098296516534,4.6051701856195,4.60517018561444,4.60517018580896,4.60517018595661,4.60517018582071,4.60517018597935,4.07493530802432,4.60517018594317,4.6051701858367
"74",4.60517018541798,4.05606506024625,3.15932896068371,4.60517018596144,2.76678937320472,4.60517018411565,3.73657328384151,4.60517018580609,2.7219086222934,4.60517018572767
"75",4.60474056674069,1.93727999097844,4.60517018574113,4.04805020729951,4.60517018587635,4.60517018579236,4.60517018596806,4.60517018597636,4.60517018569047,4.60517018593202
"76",4.18862138564239,4.60517018447732,3.74823866268261,4.11915137127842,4.60517018588502,4.60517018557653,4.60517018594962,4.60517018588774,4.60517018551982,3.48872135430599
"77",4.60517017892862,3.78264223289245,4.60517018530896,4.60517018590987,4.60517018546267,4.60517018588693,4.60517018580565,3.92804410609421,4.08857650144341,4.60517018598756
"78",4.6051701859447,4.01451837169721,2.7588345265798,-0.123976104462031,4.60517018594319,3.32998330615288,4.17845725755909,4.60517018587606,3.88051242903092,4.60517018597619
"79",4.60517017235688,4.60517018239278,4.09776243915115,4.60517018594904,4.60517018594788,4.6051701859457,4.60517018126356,1.01968958205012,4.60517018597017,4.6051701859864
"80",4.60517017014143,4.60517018570924,4.41197240199565,4.60517018597955,4.60517018595195,4.60517018573651,4.60517018596548,2.16465438259254,4.6051701857937,4.17030329968688
"81",4.60517017389139,4.60517018437737,2.83794696409933,4.60517018588325,4.58537486615202,2.17123417561547,4.60517018598279,4.60517018582146,3.27866681327444,4.60517018598301
"82",4.60517017709758,4.60517018598615,3.62005822554849,4.60517018594486,4.60517018590639,4.60517018585017,4.60517018553313,4.60517018597912,4.60517018475437,4.60517018545897
"83",4.60517018406168,2.42467601485731,4.60517018597787,4.60517018597811,4.60517018572234,4.60517018598117,4.60517018581335,4.45292757621351,4.60517018583249,4.60517018567779
"84",4.60517018474945,4.60517018457053,4.60517018556592,4.60517018579689,4.60517018588595,4.60517018586366,1.90093395665306,4.19916504146128,4.60517018559796,4.60517018554182
"85",2.84472808795064,4.60517018484969,4.54124503097285,-1.59333158964191,3.2685104052495,4.60517018587032,4.60517018302474,3.25486310187489,4.60517018551479,4.60517018598426
"86",4.6051701852395,4.60517018579858,4.60517018208137,4.60517018584362,4.60517018582067,4.60517018569854,4.60517018591585,4.60517018597109,1.71436488626728,1.15317381582773
"87",4.60517018357005,4.60517018548148,4.59035071349122,4.6051701856524,4.38960838680366,4.60517018596596,1.68072791314964,1.92658295840221,4.6051701859686,4.60517018578307
"88",4.605169837547,4.60517018435991,4.60517018593785,4.6051701859074,4.60517018566927,4.16326208212342,4.60517018595557,4.60517018573506,4.60517018568896,4.60517018589491
"89",2.78687307573038,0.420922832339578,2.02296150251378,4.60517018454243,2.61840072481822,2.59185094377889,4.6051701853049,4.60517018595039,4.60517018588854,4.60517018590133
"90",4.60517018221611,4.60517018563922,4.6051701859684,3.67310425951501,4.60517018593043,4.6051701852632,4.60517018594382,4.60517018581166,4.06363216069769,4.60517018582851
"91",3.87488977606827,4.60517018572771,4.54243522148386,4.60517018587011,4.60517018583344,3.13046658177174,4.60517018485285,4.60517018584943,2.48404283556496,3.63955082482056
"92",4.60517018212819,1.89899000186469,4.60517018597389,4.60517018596266,4.12225450166754,1.88480761436952,4.60517018593552,4.60517018597722,2.76134457247355,4.60517018598159
"93",4.60517016852542,3.53461178924482,4.60517018590042,3.85002222854176,2.03085537410504,4.60517018594943,2.72234953659091,2.98983583498767,4.12520217938788,4.60517018577499
"94",4.60517018598496,3.17541347674288,4.60517018356127,4.60517018594648,3.96428743315086,4.60517018595722,4.6051701846683,4.60517018221046,4.60517018593777,4.60517018563195
"95",4.6051701745496,4.60517018580269,4.60517018463808,4.20867208387135,3.45219560342179,4.60517018488846,4.60517018579461,2.71371380315878,4.60517018562118,4.60517018595061
"96",3.35843150056441,3.02139592619678,0.567999509876003,4.60517018594743,2.82844995742727,3.40005572456261,4.6051701662806,4.6051701853105,4.60517018598338,4.60517018594291
"97",4.60517016536495,4.60517018502981,4.60517018592866,4.2396718142989,1.68102484362011,4.60517018506214,3.27772581725419,4.60517018564005,3.41954430282135,4.60517018553537
"98",1.26406535630935,4.60517018551238,4.60517018485784,4.60517018594811,4.60517018592179,3.76101267861162,4.605170185931,4.60517018562047,4.60517018597659,4.60517018597906
"99",3.37786326493756,4.60517018592286,4.60517018531678,4.60517018577744,3.36160725018023,4.36854675266054,4.6051701854318,3.99257051999831,4.60517018584309,4.60517018590562
"100",4.60517018215359,4.3467351529162,4.03272949576071,2.50299874194926,3.4673715114654,4.60517018592265,3.21706305660959,4.60517018516657,3.51903894473551,4.60517018596252
"101",4.60517018015163,4.60517018518147,4.60517018587166,4.60517018404659,4.30899015297433,4.60517018563139,4.60517018325061,4.60517018586073,-1.39250024720297,4.17500350456501
"102",4.60517017236815,4.60517018590361,4.60517018555555,4.6051701858968,3.30857979462438,4.60517018596501,4.60517018590812,4.58280541595701,4.60517018598784,4.60517018596713
"103",4.60517018458654,4.60517018578123,2.7722680116163,4.60517018598327,3.97277323612026,4.26773511934945,3.29377461921395,3.03578824798709,4.46502623696108,4.41544566889087
"104",4.60517018466192,4.60517018593924,4.60517018594993,4.60517018200078,4.60517018586252,3.18297908694394,4.47598569774087,4.60517018538437,4.60517018595726,4.60517018592651
"105",4.605170177155,4.40700413974666,4.6051701859729,4.6051701857766,3.67818106807651,4.60517018589221,3.35559788831007,2.91637862811876,4.60517018594129,4.60517018590377
"106",3.35010856996902,4.08923912296472,4.60517018519262,3.83520470819333,0.344220166650473,3.83976321882875,2.89264683785794,4.60517018578165,4.5867977867758,4.60517018597074
"107",2.95844821663641,4.60517018595129,4.60517018551978,2.07967602851814,-1.53320080978298,4.1972527571501,3.85228588205689,4.60517018592827,4.08071103275168,4.60517018598227
"108",4.60517017209131,4.60517018594996,3.68981246306143,4.60517018572708,4.60517018581075,4.60517018565609,4.60517018591739,2.6719016265159,3.42085549932111,4.60517018597963
"109",4.60517018551606,4.60517018591621,4.60517018596857,3.35046190246659,4.60517018537205,4.60517018583045,4.60517018597008,3.0703707589465,4.60517018591221,4.60517018544297
"110",4.60517015063245,4.60517018547496,4.6051701858967,4.60517018587805,4.16535892797287,4.60517018586533,4.6051701859834,4.60517018592674,4.60517018587822,4.60517018579324
"111",4.60517017386312,3.00380616081215,4.60517018578406,4.60517018596023,3.6771788264091,4.60517018597449,4.6051701859255,0.494712883658849,4.60517018597602,4.60517018598762
"112",1.93678799779917,0.800681325861753,4.60517018571372,3.91884870911319,4.60517018588277,4.60517018598274,3.95351281807515,4.5368007003691,4.60517018594689,4.60517018598705
"113",4.60517018309859,2.83474174000909,4.60517018598033,4.60517018592522,3.11280605075319,4.60517018526394,4.22411975515647,4.05037293269297,4.60517018598125,1.9713262202163
"114",4.60517016133522,4.60517018322918,2.70344714110189,3.98010847575667,3.5354785121112,4.60517018578577,4.60517018596221,4.60517018538764,1.17593137499784,4.60517018598642
"115",4.60517017890581,4.4334425001598,4.60517018377541,4.60517018283625,4.60517018191233,4.16256085393468,4.6051701858573,4.60517018597051,1.99406122530613,-0.0603887260322437
"116",4.60517018184542,4.60517018560254,2.81237601269919,4.60517018587522,1.03942325116304,4.60517018597834,4.20278612801394,4.60517018549655,4.60517018589005,4.60517018598014
"117",4.60517018153269,4.60517018573584,4.60517018417251,2.62509949246098,4.60517018587677,4.60517018594156,4.60517018596309,4.60517018598026,4.18036836287135,4.60517018596337
"118",4.60517018327975,4.60517018590577,0.082307356318509,4.24183606420631,3.70539502157757,3.41248281112378,4.60517018595844,4.60517018595911,4.60517018582928,4.60517018592756
"119",4.60517013782787,4.6051701858492,4.60517018541555,3.48698701908957,1.59935130995297,-0.13144054406466,4.60517018584208,4.60517018575234,0.0876433710360515,4.60517018520719
"120",4.58164394283521,4.60517018578889,3.2754223735917,4.60517018578365,1.70501914550503,3.03183458535209,3.85595414283718,4.60517018442806,4.60517018584343,4.60517018591722
"121",4.60517018282484,4.60517018214109,4.605170185817,4.30021713864727,4.60517018579412,1.93071483996707,2.30600152169757,4.60517018556462,4.60517018589951,4.60517018591042
"122",4.60517018281446,4.60517018595079,4.60517018587045,3.86231554542496,4.60517018596168,3.65000746556386,4.60517018592293,4.60517017500285,4.43486142862812,4.60517018581646
"123",4.60517017724524,4.60517018566601,4.60517018411039,4.60517016513266,4.60517004482428,4.60517018598337,4.60517018598063,4.60517018595507,3.01877731498269,4.60517018593575
"124",4.60517018544444,4.60517018547945,4.60517018589971,4.60517018531486,4.60517018597969,4.60517018587112,4.60517018597993,4.60517018596721,4.60517018598173,4.38467016580245
"125",4.60517018490098,4.60517018322417,3.92711571293277,4.60517018598247,4.6051701859586,4.4778703319361,4.60517018577188,4.60517018572486,3.21269608057617,3.8634583580068
"126",3.65861995956038,4.60517018558944,4.60517018584979,4.60517018579678,4.60517018571009,4.60517018593838,3.98299660764366,4.60517018592444,4.60517018496995,4.60517018522276
"127",4.60517018407762,4.60517018394027,4.60517017762857,1.13845599306212,3.6672930474944,4.60517018596101,4.60517018584335,4.60517018593941,4.6051701856195,4.60517018597571
"128",4.6051701561684,3.37195977687102,4.6051701858496,4.60517018464034,3.71017309796099,4.60517018595209,2.86611689733625,4.49175093424762,4.60517018564519,4.60517018564451
"129",4.60517018517405,4.60517018584266,4.60517018468974,4.45907502304092,4.60517018596516,4.60517018598036,4.60517018481308,4.05109139014385,4.60517018598722,4.60517018595939
"130",4.60517018016974,3.98463673467319,4.6051701831249,4.3118072483534,4.34277569282541,2.99029278728749,4.60517018596144,3.95536932128647,2.1304494444467,4.60517018596187
"131",4.60517017626972,2.80195466282573,4.60517018566912,4.60517018566979,4.60517018572034,4.60517018591921,4.6051701859686,4.6051701859808,2.47120227378278,1.9977429423129
"132",4.16283541308853,4.18656752767174,4.6051701858717,4.60517018590096,4.20644853302474,4.60517018594751,4.60517018597503,4.53096559248635,1.7825630050568,4.60517018576519
"133",4.60517018069874,3.28036702520284,4.60517018588382,1.86050047425297,4.60517011051586,4.60517018569065,4.60517018597139,4.60517018596545,2.91914398270092,2.18068922395554
"134",4.60517017833872,4.60517018587711,4.60517018539817,0.402297032325947,2.82886554843066,4.60517018597673,4.60517018592924,2.72099522375228,3.7905262982573,4.60517018596602
"135",4.60517017793481,3.5914331667185,4.60517018513487,4.42356492998974,3.198576167461,4.6051701859748,4.60517018578781,4.60517018597724,1.17331344715961,4.6051701857908
"136",4.60517012193777,3.59195263904502,4.6051701858872,4.35907821144285,4.60517018587892,4.60517018597554,4.60517018576465,4.60517018551353,4.60517018593347,4.54186189863935
"137",4.6051701855974,4.60517018557048,3.87769543642644,4.60517018586927,4.60517018576039,1.45129271438297,1.35682352159742,2.72131085101336,4.60517018585207,4.60517018587726
"138",4.6051701854297,4.60517018591641,4.60517018560623,3.31235030058454,4.60517018597035,4.60517018591045,4.60517018596916,4.60517018551474,4.60517018535185,4.60517018595931
"139",4.55209223523657,4.60517018531851,4.60517018556241,4.60517018572386,2.41912422572027,3.98129192459064,4.60517018459524,4.60517018564056,4.60517018592441,4.60517018564101
"140",4.60517018343829,4.60517018583499,4.38998843741138,4.60517018570295,3.27084229482699,4.26485825174714,4.6051701848782,3.79006121338736,4.60517018594885,3.6041945792517
"141",4.60517018566357,4.60517018444247,4.60517018594875,4.60517018591287,4.60517018598627,4.6051701814186,4.60517018571312,3.77207428239015,4.60506889859084,4.56177663535189
"142",4.60517018569269,4.60517018583882,2.03484774752492,2.19139669086461,1.43964455701266,4.60517018569863,4.60517018565002,4.60517018593667,4.6051701859765,4.60517018467019
"143",4.60517018346745,3.37017754798196,2.74705745732877,1.95956102364467,4.24374992400203,4.60517018597787,4.60517018483543,4.0191097330941,4.60517018596082,4.60517018597687
"144",3.64157665477678,4.2259446644277,3.47337371603929,4.60517018598723,4.60517018597805,2.28050126979326,4.60517018584572,3.91663712306337,4.60517018596016,4.60517018589874
"145",1.78295501016954,4.6051701787793,4.60517018572538,3.16682871264027,4.47635446188183,4.60517018571838,1.74006025289179,0.924001437196551,4.60517018593836,4.60517018590534
"146",4.60517018560193,4.60517018407376,4.60517018584352,4.60517018589495,4.60517018593701,4.60517018595675,3.31155528481489,2.03803241905533,4.60517018594743,4.60517018595485
"147",4.60517017922638,2.80932317390186,4.60517018598087,4.60517018565815,3.89317436342422,2.29655974215191,4.6051701856953,4.60517018594143,4.60517018556152,4.60517018597858
"148",4.60517017621336,4.60517018582598,4.41436357833315,4.60517018565724,2.87761099122413,0.944598360475268,4.60517018595861,4.60517018570391,4.6051701855566,3.60573040087257
"149",4.60517017985708,3.88604905433419,4.6051701859072,4.60517018595942,3.64793476880241,4.60517018584378,4.6051701855063,2.84681266278858,4.6051701855807,3.94928976153551
"150",4.60517018576964,4.25309922767854,4.60517018598573,4.60517018593772,4.60517018592932,4.60517018577889,4.60517018587429,4.54533583602938,4.60517018597537,4.60517018582254
"151",4.60517018596194,4.60517018583007,4.60517017177644,4.60517018581622,4.60517018598095,4.60517018583268,4.60517017547092,4.6051701859308,4.07091626730602,4.60517018581132
"152",4.60517018292192,4.29044798372855,4.60517018561943,4.60517018581474,4.60517018598071,4.60517018594609,4.60517018585523,0.48814891278252,4.60517018569206,4.60517018597611
"153",4.60517018546545,4.60517018456184,3.76081184575388,4.60517018562251,4.60517018586822,4.60517018597136,4.60517018598202,4.60517018596855,1.29365909163079,2.12191586014811
"154",4.60517018498236,4.04486389557692,4.043499963508,4.60517018587909,4.60517018575298,2.01909663741223,3.1225487984356,4.60517018594192,4.60517018583249,4.60517016988649
"155",4.60517018134797,4.60517018591776,4.60517018588182,2.72897039152599,4.60517018570604,4.6051701859416,4.60517018576266,2.02091166344533,3.84768527484363,4.44933216688239
"156",4.6051701855655,4.40460343545562,4.12092740172733,4.60517018592378,4.60517018560233,4.60517018585878,4.60517018598574,4.6051701858413,4.60517018593717,4.60517018572691
"157",4.60517018430831,3.98590792257635,4.20195996007821,2.7564363747115,4.60517018598581,4.16070569416929,4.60517018596263,4.60517018595124,4.60517018595783,3.06744191304315
"158",4.60517018213029,4.60517018568378,2.10791842491199,3.04808286194881,4.6051701859308,4.1025571692948,4.60517018597321,4.60517018584778,4.60517018597676,4.60517018595218
"159",4.12596466216097,4.04328944903014,4.60517018580296,4.60517018259279,2.53534384099136,4.60517018597807,4.60517018597119,4.60517018568092,4.60517018598736,4.50920211186664
"160",0.625915179898342,4.60517018390956,2.84700759734709,3.09535183758921,4.60517018583468,4.60517018583695,3.157733329565,4.60517018593953,4.60517018596829,0.984971927039595
"161",3.710922962127,4.60517018596212,4.60517018598397,1.65193101771163,2.15667753181614,2.94226072381838,4.60517018575118,4.60517018598452,4.14360204699878,4.60517018582584
"162",4.60517017824746,4.60517018586629,4.25636297971364,2.83056395238214,4.60517018590475,4.60517018592714,4.60517018563107,4.60517018598046,4.60517018597062,4.60517018481553
"163",4.60517018497815,3.21968246601551,4.60517018585985,4.04602592413293,4.60517018577929,4.60517018578808,4.60517018561418,4.60517018534452,4.35653582624266,4.60517018597525
"164",0.640186433181682,2.74725798834215,0.60980482159907,4.60517018593048,4.60517018590691,3.08409387982556,1.92346182905956,4.60517018594263,4.60517018546176,3.37358630158971
"165",4.60517018578861,4.60517018559501,3.58091207051458,4.60517018575345,4.60517018592586,4.6051701858767,4.14678162370595,4.6051701858928,4.60517018590537,4.60517018590161
"166",4.60505025095546,4.22082677531225,2.77831149812994,4.3247578390405,4.60517018539485,3.52138369235259,4.60517018597841,4.60517018593595,4.60517018593046,4.60517018575538
"167",3.10828279752357,1.26029889151227,3.98801614872635,4.48632544104618,4.60517018572813,4.6051701859312,4.60517018592712,4.6051701852696,4.58590857330876,4.6051701859806
"168",4.46411720487457,0.231466080962008,4.60517018593526,4.60517018519251,4.60517018448463,4.12047563148083,4.60517018590345,3.24026112306214,4.60517018573046,4.60517018596951
"169",1.24616859850279,4.60517018504676,4.60517018594032,2.29964711747908,4.60517018593298,4.60517018597766,4.60517018423883,4.60517018595058,4.60517018577801,4.58517177488253
"170",4.60517018296426,4.60517018583491,4.58219727154805,1.60016144011783,4.60517018590855,4.60517018595073,4.03904141906517,4.60517018597201,4.60517018553065,2.43070641707803
"171",4.60517018505669,4.60517018544074,4.60517018570873,-0.887341085257347,4.60517018589951,4.60517018589185,4.60517018593657,4.60517018596531,4.60517018591929,3.83722008463212
"172",4.60516987870977,4.60517018491064,4.47107868106609,4.60517018568841,4.60517018592488,4.02123816949694,4.60517018545166,4.60517018598182,4.60517018595888,4.60517018595624
"173",3.58268275602552,4.6051701750633,4.60517018571402,4.60517018526869,4.60517018595129,4.60517018596688,3.25287482618306,4.60517018583036,4.60517018566716,0.920438174231862
"174",4.60517017425755,2.37493178469193,3.65768178072769,4.60517018596569,4.60517018584021,4.60517018521048,4.60517018548545,4.60517018579807,4.60517018536527,4.60517018593762
"175",4.60517017654007,1.34411087727582,4.60517018597403,4.60517018549774,4.60517018589763,4.6051701859619,4.60517018594103,4.60517018598199,4.60517018596917,4.60517018596749
"176",4.60517018555626,4.60517017767064,4.60517018518945,4.60517018591014,-1.75171169114884,4.60517018598796,3.35818949551795,4.6051701859225,4.60517018581083,4.60517018594848
"177",4.60517012951767,4.60517018594698,4.60517018557739,4.60517018570987,4.27884071304786,4.6051701858313,4.60517018553338,4.60517018492521,1.4442357460037,4.6051701859796
"178",4.29391314217246,4.38054410648967,4.22893924119922,4.36908801859551,4.60517018580978,3.21145927509843,4.60517018581763,4.60517018589874,2.81898413969461,1.83642156062595
"179",4.60517016506988,4.60517017477633,4.60517018316558,4.60517018598418,3.68540921878765,4.60517018597491,1.65394919108363,4.43799137931076,4.60517018494053,4.60517018443974
"180",3.56770585773523,2.28559668249754,3.4252395156955,4.60517018591221,4.3629926119639,4.60517018593492,4.54278618496463,4.60517018537431,4.60517018590109,4.24935367687519
"181",4.55921441212897,4.60517018591291,4.60517018588467,4.60517018562558,4.60517018553907,4.60517018572958,4.42591501411047,2.75593233157389,4.60517017831552,4.60517018597938
"182",4.05899709372552,4.60517018591111,3.33545608797698,4.6051701855754,4.60517018586344,4.60517018586943,4.60517018593248,4.6051701857306,4.60517018044547,4.1062147221329
"183",4.60517018028486,4.60517018585877,1.09437457577381,4.60517018595397,4.60517018597925,4.60517018596394,3.80158964732823,4.60517018582988,4.28230054230542,3.30083913742081
"184",4.6051701841057,4.54329026875813,4.60517018535386,4.60517018473723,2.98935215253823,4.60517018596047,4.60517018555666,4.5817401768478,4.60517018570502,4.60517018596661
"185",4.60517017905974,4.41829766876842,4.50868025595122,4.60517018593397,2.22319760535179,4.60517018575916,-0.845855570867215,4.60517018595306,4.60517018424881,4.60517018598622
"186",3.37916591711964,4.60517018560195,4.60517018564316,0.771775852614013,3.11850815690786,4.05087885437607,4.60517018590278,4.60517018476583,4.59347122647995,3.45735751075995
"187",4.60517018102544,4.60517017266194,3.26974511752192,4.60517018589459,4.60517018587817,4.6051701859532,4.031440317912,4.60517018596704,3.38851575598338,4.60517018573728
"188",4.60517018534337,4.60517018589122,4.60517018547795,2.82019360474236,4.60517018598112,4.60517018579057,4.6051701859634,4.60517018593828,4.60517018587561,0.511272282778663
"189",3.55020302033304,4.60501743400287,4.60517018498292,4.60517018577956,4.60517018511106,4.60517018596728,4.60517018567809,0.940960385037528,4.60517018582684,4.60517017914142
"190",4.60517018500184,1.53233481399366,4.60517018594037,1.52885907561496,3.35760878490335,4.60517018590345,4.60517018588715,4.6051701858589,4.60517018589888,4.60517018597204
"191",4.35032810443833,1.19592080778475,4.60517018581339,2.18148844058062,3.1777412611291,4.60517018593356,4.24449413732378,4.60517018592626,4.60517018598108,0.624086072330499
"192",4.29893571388932,4.60517018566541,4.60517017353149,0.959350312283078,4.60517018594953,-3.09008102834174,4.1677275163204,3.89918511796867,4.60517018598213,4.60517018575493
"193",4.60517018304693,4.60517018593882,4.60517018290044,4.60517018581319,4.60517018594503,4.60517004988732,4.60517018513224,4.60517018584628,3.13091312436271,4.60517018596886
"194",0.793135481330509,4.60517018567385,2.61092633403341,3.58813438694386,4.60517018597082,4.14181006950454,4.60517018586012,4.60517018594339,4.60517018596647,3.87932478416988
"195",3.54107292774432,4.60517018498951,4.50392244465432,4.60517018595513,4.6051701859501,4.60517018575557,1.85804854152269,4.02531023886186,4.60517018597716,2.20946713931042
"196",1.7658970285332,4.08744250998708,4.2255874514167,4.60517018591005,4.60517018594848,4.60517018596667,4.60517018590079,4.60517018573174,2.48527797967748,4.60517018570005
"197",4.60517018568838,4.60517018576662,2.52725687570975,4.60517018533346,4.60517018591064,4.60517018591676,4.6051701859719,4.60517018385229,1.66313013148743,4.60517018596207
"198",4.60517018494021,4.60517018575728,4.60517018248185,4.60517018573631,4.60517018597115,0.270285973409514,4.60517018598151,4.60517018445989,1.4772324085034,4.60517018529376
"199",2.00063700358449,3.53298663461538,4.60517018141651,4.2065084856882,4.60517018580757,4.35006777800668,4.57474007057797,4.24137342172418,4.60517018576934,3.1199024316868
"200",4.60517018460122,4.60517018571322,4.60517018597392,4.60517018307749,4.60517018224297,4.60517018594591,2.57816179746771,4.60517018537536,4.60517018594896,4.60517018584088
"201",4.60517018176724,4.60517018546427,4.60517018594183,4.4167949485101,2.51809771200463,3.54042409831574,4.60517018598435,4.60517018529492,4.60517018583627,4.60517018568589
"202",4.60517018418328,4.60517018594196,4.60517018498096,4.60517018597109,2.56365325391701,4.57532043203605,4.60517018592799,3.90603101825619,4.60517018591142,4.60517018596968
"203",2.83018576109528,4.60517018529882,4.60517018531573,4.60517018598446,4.60517018580394,4.60517018585412,4.60517018190733,2.01196231358918,4.26330654706399,4.41976945734777
"204",1.73832311072439,4.60517018570487,4.60517018589356,4.60517018557474,4.60517018589945,2.37677392814339,4.6051701859581,4.60517018591679,4.60517018587524,-0.199016886025561
"205",4.60517018465713,4.60517018516529,4.605170185883,4.52718423035618,4.60517018532616,3.92118523473047,4.60517018592004,4.60517018595812,4.15401287471832,4.60517018593521
"206",3.74958532324628,4.60517018528717,2.86858788752841,2.29024351629958,4.60517018572392,4.60517018591625,4.60517018589394,4.60517018596389,4.60517018593785,4.28639104263715
"207",4.60517018567408,2.91881253974073,4.60517018589833,4.36405334677575,4.60517018515534,-0.591716956132928,4.60517018557105,4.6051701858737,2.06367833433751,2.52206502625364
"208",4.60517018316981,2.23874532028782,3.97403930130753,4.23665760742144,4.60517018293223,4.60517018595417,4.36434565765636,4.60517018595107,4.59652646093778,4.60517018596173
"209",4.60517017471669,1.88392124814065,3.45212977954348,4.60517018331261,2.71013129995337,4.60517018589763,1.40282167486667,3.9708489928651,3.01502709951714,4.16167756888476
"210",4.60517018517095,4.60517018572527,4.60517018589178,4.60517018597345,4.60517018541822,4.60517018595296,4.60517018595404,4.60517018594939,3.42698830582898,3.76726886716801
"211",4.60517018172534,4.60517018315728,4.60517018579532,4.60517018584532,4.60517018579213,4.60517018592566,1.58067534734033,4.60517018577818,4.60517018598637,4.59684053835761
"212",4.60517018552032,4.60517018554513,3.00285046391791,1.92192181175344,3.35535706604415,4.50697787753919,3.99336723692591,4.60517018592367,4.31260072907278,4.60517018487707
"213",4.60517018509506,4.60517018585392,4.1897224118694,4.60517018585003,4.60517018597456,3.08116443983448,4.6051701857847,4.41099516545847,4.60517018574262,4.60517018578892
"214",4.60517018512473,4.60517018585895,4.40307455117882,4.60517018585637,4.60517018590699,4.60517018470168,4.60517018597898,4.60517018598537,4.6051701859412,4.60517018566077
"215",4.60517014459272,4.60517018597571,2.59136113941814,4.60517018584153,4.60517018595158,4.54002199395428,4.60517018585571,4.60517018142475,4.60517018598674,4.60517018598406
"216",4.57081532865904,4.60517018563892,4.60517018595428,4.60517018592863,3.95498534366746,2.79458642336286,4.60517018596951,4.60517018597017,4.60517018541617,4.60517018598009
"217",4.60517018124027,4.60517018528256,4.12434347639041,2.87890579922933,4.60517018590699,4.60517018567623,4.60517018598267,4.6051701859538,4.60517018596497,2.84272418097163
"218",4.60517018168218,4.45670777565472,4.6051701846403,3.94121704721374,4.60517018584203,4.60517018583803,4.60517018588368,4.59808640557895,4.60517018597909,4.60517018598014
"219",3.93899265860136,4.60517018591892,3.31165880375121,4.60517018577767,4.60517018598111,4.60517018598759,2.71638662906051,2.9368662592473,4.09901664602469,0.403836238704741
"220",4.60517018160073,4.60517018578918,2.89873776608717,4.60517018597371,4.33767028107317,4.60517018595782,4.60517018586141,4.60517018590602,4.60517018444395,4.60517018589167
"221",4.60517018409733,4.60517018588895,4.6051701854671,3.35766968645081,4.60517018485758,4.60517018598568,4.6051701859819,4.60517018597611,4.60517018585733,4.60517018596531
"222",4.60517018337673,4.60517018545444,2.37579833969228,4.60517018231877,3.1675544907167,4.5778835276225,2.95742098113038,4.22029979641877,2.01443868309616,3.98205484421339
"223",2.18086202708875,4.07599415105836,4.6051701859331,4.60517018542778,4.60517018595758,4.60517018580049,0.764554372680863,2.79054662070499,1.6708376761818,2.4382366978848
"224",3.12572081032356,4.2233979063834,4.60517018547364,4.60517018595084,2.17008917434386,4.60517018590127,3.31279519373962,3.49710351369831,3.58455790669521,3.29987462685131
"225",4.6051701851767,4.03952341637039,4.60517018545701,4.60517018587421,3.89676388950578,4.60517018587561,2.62713160353118,4.60517018566483,4.60517018598503,4.60517018379576
"226",4.60516963894149,4.60517018557081,4.60517018595957,3.28887321161697,2.29876550462701,4.36948494716135,4.31752301574119,4.60517018598142,4.60517018532079,3.94440638119141
"227",3.49687448721131,3.65414842646811,0.865342680034828,4.60517018590164,4.6051701859846,4.17749946939456,4.60517018593592,4.60517018584031,4.60517018596715,0.814726514340947
"228",4.605170176578,4.60517018463476,4.60517018557412,4.60517018568248,4.60517018588953,4.60517018598659,4.6051701859555,4.6051701859754,4.60517018597565,4.60517018596877
"229",4.60516937695709,4.60517018597268,4.60517018562641,4.23414781822163,4.37650647532477,4.60517018597878,3.62851734850696,4.57749586239322,4.60517018596619,3.7329725739649
"230",4.6051701859645,4.60517018584733,4.28137285316474,4.60517018592989,4.60502635826953,4.60517018475707,4.11378540680934,4.60517018574112,4.60517018591892,4.60517018594231
"231",4.60517016813074,4.60517018575219,4.60517018597855,4.60517018588203,4.60517018597082,4.60517018586296,4.60517018594192,4.6051701858334,4.60517018572841,2.3157041976026
"232",4.28232070102992,4.18880169090401,4.60517018598311,4.60517018598436,4.60517018594037,4.60517018598583,3.99351042336966,3.74869537347107,4.60517018079935,4.17066304803241
"233",4.60517018581278,4.30934051797973,4.60517018594372,4.57968524573155,3.08140432554745,4.60517018598637,3.81740604487095,4.60517018569035,4.60517018597619,4.60517018594848
"234",4.42861748539616,2.96386427586698,4.60517018598485,4.60517018551108,4.60517018589297,1.47027180180767,3.30299940668544,4.25588536496983,4.5105412660948,4.60517018595488
"235",4.60517018519093,4.60517018396925,4.60517018590704,4.60517018594399,4.60517018584198,4.60517018589566,4.60517018590704,4.60517018589498,2.85905025213989,4.60517018597523
"236",4.60517018460887,4.60517016579725,2.86902057353841,4.6051701858734,4.60517018597356,4.49372670814924,4.60517018594311,4.60517018545708,4.60517018556351,3.78543637772864
"237",4.60517016403597,4.60517018278837,2.1467733997919,4.60517018598479,4.60517018575719,4.60517018526429,2.62400272817302,4.60517018598588,4.60517018595635,4.60517018573174
"238",4.60517017666082,4.60517018404871,4.19166232248891,4.60517018518726,4.60517018584525,4.60517018590213,4.60517018597865,4.60517018598466,4.60517018590284,4.6051701857939
"239",4.60517017919486,4.60517018592843,4.60517018590411,4.24369243438188,4.60517018587568,2.16530811310635,3.87853363707686,4.24644749698922,4.31582856753508,4.60517018598742
"240",4.60517017463462,4.60517018594266,4.28882186888752,4.60517018595959,4.09312974584671,4.60517018509051,3.08344574960779,4.60517018595581,4.60517018593481,4.58228687957777
"241",4.60517016355945,4.31554132305934,4.18299035789532,4.60517018583653,4.60517018596073,2.57047415001162,4.60517018576803,1.86866550293882,2.94683718998934,4.60517018588683
"242",4.60517018403955,3.43859913754453,4.60517018308275,4.6051701859528,4.35879072592924,3.4702751381883,4.60517018594101,4.60517018481463,4.03708017802202,4.60517018593444
"243",1.28433247326346,0.0878912995073265,4.6051701859683,4.60517018583435,1.26815830709445,1.91070675910184,4.60517018549857,4.60517018597162,4.6051701843644,4.60517018571576
"244",2.86572622269222,4.60517018306274,4.33609385391118,4.60517018589267,4.60517018589988,4.60517018587299,3.63883591765031,4.60517018598401,4.08909719044135,4.60517017712996
"245",4.60517018584768,4.60517017284288,4.54728717988647,4.6051701859102,4.60517018584807,4.225230737817,4.00156980495252,4.60517018598659,4.60517018258415,4.60517018572736
"246",4.60517018461189,4.60517017494766,4.60517018598152,4.60517018595698,4.60517018597012,3.94548913094813,4.60517018356828,4.60517018595723,4.60517018582425,4.60517018593779
"247",4.6051701856815,4.60517018584002,4.60517018532772,4.60517018572672,4.60517018578616,0.939910252253753,4.60517018596552,4.60517018598546,4.60517018596738,4.60517018591128
"248",4.60517018592761,1.69081727845193,3.36342416477633,4.60517018597206,3.75027262672712,4.60517018594061,4.45245055155307,4.35609531084376,4.60517018586629,3.60564475338998
"249",4.60517018589275,3.10542773977998,4.6051701858086,4.60517018597099,4.53034246221141,4.24080966464764,4.60517018586526,4.6051701859225,3.29897037377231,4.60517018594942
"250",4.60517018283841,4.60517018555233,-3.14045132694639,4.60517018475429,4.54766749062804,4.60517018340011,4.60517018593353,4.60517018591958,4.60517018594999,3.31702775375379
"251",1.26832449299718,3.79432441906606,2.78032546928168,-0.0218707150798707,2.8928995341207,4.60517018585396,4.60517018563667,4.60517018579171,4.60517018590843,4.60517018590716
"252",4.60517017968014,4.60517018570373,4.6051701859229,4.26841465141581,0.645794624319322,3.38920651613228,4.60517018571836,4.60517018598534,4.60517018588797,4.4683036880925
"253",3.04084718269563,1.0392339337573,4.60517018596003,4.6051701858661,4.60517018544699,4.60517018592776,2.882280929909,4.60517018545491,4.60517018556038,2.41249915377412
"254",4.60517018491791,4.60517018588849,1.35147240081112,2.97884986355974,4.60517018573547,4.60517018586967,4.60517018294001,4.60517018575473,4.60517018597977,4.45905404517592
"255",4.50679168287252,1.57645700738766,3.26178665754972,4.60517018590853,4.60517018594702,4.60517018581592,4.60517018573017,4.60517018598708,4.60517018594197,4.60517018598557
"256",2.77789086060957,1.03428751105297,4.60517018589614,4.60517018560815,4.6051701852974,4.60517018591707,4.60517018598122,4.60517018584412,4.6051701858303,4.60517018586282
"257",4.60517012399703,3.25225908716982,4.60517018482828,4.60517018509698,4.60517018591187,4.60517018583376,4.6051701859796,4.60517018595777,4.60517017777462,4.60517018591688
"258",4.60517018434047,1.76054336756931,4.41010124876384,4.60517018525915,4.60517018585411,2.04869004749099,-0.578159846027631,4.60517018586651,4.60517018591023,1.44965483723931
"259",3.52843329094701,4.60517016929582,4.60517018580863,1.59948577779508,4.60517018515444,4.60517018596904,4.6051701854384,4.60517018571758,4.60517018550064,4.60517018560685
"260",4.6051701790562,4.50023901961887,4.60445162155754,4.26448799335965,2.63711815827892,4.60517018598574,2.25495472783493,3.61802635769686,4.60517018550163,4.60517018594047
"261",3.99171413278698,4.33790413543912,4.6051701859667,4.60517018261858,3.11853164013783,4.60517018554472,4.60517018572052,3.66630719150984,3.53777708283718,4.6051701858612
"262",4.60517018324113,4.60517018578185,4.60517018525968,4.28208063195912,4.44518911805464,3.00384084992228,4.60517018586904,4.39682354425287,4.60517018576567,4.60517018509884
"263",4.60517011979287,4.60517018583685,4.60517018573833,4.60517018597184,4.6051701850197,4.60517018597442,3.1338432322122,-0.619494917415807,4.60517018533133,1.75378212386383
"264",4.60517018394974,4.60517018536211,4.60517018586442,4.60517018505097,4.6051701858614,3.18072265314822,4.60517018506879,4.60517018586549,0.0658123652911798,4.60517018598802
"265",4.6051701858463,4.60517018377978,4.60517018587331,4.60517018580244,4.24026011870944,4.60517018386145,4.60517018588124,4.6051701859808,3.79408720703796,4.41676723184474
"266",4.5653204250502,4.60517018586813,4.60517018588062,4.60517018585925,4.55546499855251,4.32978113210933,4.6051701859285,4.60517018580092,4.60517018597051,4.60517018586171
"267",4.16137164982729,4.60517018581299,4.60517018555757,4.60517018554535,3.90261751538507,4.60517018598198,4.40646008325271,3.78014760592677,2.48282059399162,1.60888949652301
"268",4.6051701833903,4.60517018596401,4.60517018590609,2.27893747414873,4.24407190269002,1.99869475788844,4.60517018596639,4.60517018597884,3.88377362131328,4.6051701859152
"269",2.66409166008005,4.60517018474,4.60517018534397,4.60517018584817,1.66421531933909,3.37667253328021,4.60517018597321,2.90994964270257,3.47162127712721,3.59563935115443
"270",3.1644998876815,2.13193900315363,4.60517018233578,4.6051701856323,3.11831850585722,4.60517018596315,4.60517018549177,4.41506370793843,4.60517018589306,4.60517018598023
"271",4.03230437542241,4.60517018570418,4.60517018566325,4.15368086329161,2.8922617511345,2.41153563329658,4.60517018574187,2.83680350759963,4.60517018596497,4.60517018534114
"272",3.75485624080356,4.60517018579969,3.82996131966267,1.66845980063729,3.97142690624554,4.60517018445931,4.60517018594743,4.60517018597204,4.60517018595652,4.60517018511175
"273",4.60517018547677,2.98213001410981,4.60517018522657,3.84954180563348,1.77183136177699,4.25583503799254,4.45061035928319,3.60548463784625,4.13697435039217,4.6051701858834
"274",4.60517014321726,4.60517018572214,2.85406323031873,4.60517018506194,4.60517018586275,4.60517018574311,4.60517018595652,4.60517018508364,4.06740030272323,4.60517018586148
"275",0.549746960225107,4.60517018595113,4.60517018595664,3.95490890871457,4.60517018486479,4.3271066772968,4.47634860489549,4.60517018596013,4.60517018593538,4.60517018597059
"276",1.35455353087002,4.30230373963916,4.60517018591867,4.60517018518541,4.60517018593026,4.60517018560299,4.14938303344572,4.6051701859881,1.45916669896909,4.60517018582706
"277",4.60517018583678,4.43633962035261,4.60517018594393,2.6709405027086,-0.673744334304075,4.60517018583374,4.60517018595027,4.60517018593129,3.72401196976975,4.60517018595283
"278",4.60517017160554,4.6051701856881,3.29953373128586,4.60517018546243,3.95557830651052,4.60517018575152,3.82227457822,4.60517018574038,4.41106959257158,4.28069082612441
"279",4.6051701856439,4.60517018579555,4.60517018559051,4.60517018588696,2.33524173999929,4.60517018538671,4.60517018597886,4.60517018584679,1.9669750102691,4.60517018598549
"280",-1.80983104702389,2.98124302187545,4.60517018592058,4.60517018590545,4.60517018594933,4.60517018552308,4.60517018596832,1.81058060107824,4.60517018588735,4.60517018577769
"281",4.60517018567489,3.84128905691862,4.60517018589071,3.86535415209033,4.21443992563619,3.21133476143348,4.60517018553159,4.60517018549315,4.60517018597167,4.6051701859422
"282",4.60517017820959,4.60517018575524,4.60517018597767,4.60517018598668,4.18335852004225,4.60517018556618,4.6051701859847,4.6051701859858,4.60517018596047,4.60517018583315
"283",4.6051701853977,4.60517018582591,4.60517018584885,4.60517018596435,2.94897231232777,4.60517018592903,4.60517018597227,3.97189461367154,4.36506400100657,4.11080090790259
"284",4.60517017835316,4.60517018541177,4.60517018598422,4.6051701859179,4.6051701859314,4.11489156420114,4.6051701859717,2.88496094044982,4.60517018595948,4.60508037384233
"285",4.60517017047273,4.6051701857734,4.60517018596188,4.60517018586948,4.60517018591509,3.74850800620821,4.60517018598122,4.60517018590991,4.15770146627781,4.6051701859802
"286",4.60517018349405,4.60517018565192,4.60517018593394,4.60517018508929,4.60517018575509,4.60517018169861,4.60517018585057,4.6051701857229,2.22407855478127,4.50211733546928
"287",3.68041734242607,4.54810905282508,4.60517018576307,4.60517018593301,4.60517018284447,4.60517018592134,4.60517018598404,4.60517018510072,4.60517018593933,1.44057098009714
"288",4.60517017977529,3.15015653211268,4.6051701859012,4.18757365160072,4.12348492439556,4.13656506882586,1.15070174324163,4.60517018572847,4.60517018533116,4.30363791757796
"289",4.49603489993252,4.60517018510433,2.76511530883349,4.60517018594956,2.2222503748401,4.60517018555635,3.29563216245836,1.62216828897044,4.60517018474445,3.49467351087793
"290",4.605170180294,4.60517000524182,2.7558694053868,4.60517018591443,1.11911935425933,4.60517018594614,4.60517018562598,4.60517018571431,4.60517018593774,3.93019156373532
"291",4.60517018406372,4.32612085215814,4.60517018567839,4.35763943401254,4.60517018594479,4.0111666768975,4.60517018570803,4.60517018594464,4.60517018577707,4.60517018573793
"292",4.6051701859863,4.60517018537152,3.62525263196302,4.60517018574808,4.60517018598739,3.56461370121318,3.75265841953578,4.6051701859441,4.60517018578295,4.60517018597963
"293",4.60517018114895,4.605170185746,4.60517018595483,4.60517018580283,4.58819984519475,4.60517018583707,4.60517018470767,4.60517018530997,4.60517018588931,4.20827656930413
"294",4.60517017753564,4.60517018367436,4.60517018597625,4.60517018584225,4.60517018598456,4.38158516634405,3.46125747358462,2.40513301199385,4.60517018592563,4.60517018595024
"295",4.60517018509039,4.60517018555209,4.56828187207797,1.01717757286745,4.6051701856065,4.60517018584517,4.60517018593563,3.06627513877865,4.60517018591258,2.5366291354712
"296",-1.14903197829415,4.60517018593093,4.60517018533621,4.60517018596074,4.60517018586492,4.60517018589972,3.83241720790545,4.60517018588624,4.6051701859152,4.6051701859856
"297",4.60517018346059,4.60517018586505,0.385297407633367,4.60517018527439,4.51156112698455,4.60517018577153,1.31093774842063,4.60517018598088,4.60517018597184,4.60517018598571
"298",4.60517018492548,4.60517018536503,1.91459732948408,4.60517018590888,3.50207886052254,4.60517018592587,4.60517018595536,4.60517018308246,4.60517018554472,4.60517018596008
"299",3.58426296548235,4.60517018587677,4.60517018593333,4.60517018597498,4.60517018597793,4.60517018593151,4.60517018133825,4.60517018594135,4.60517018594129,4.60517018579932
"300",3.10159388404482,4.60517018590188,4.60517018596286,3.40809808685322,4.60517018598362,4.60517018563895,1.57062910003276,4.60517018588712,4.03365327753296,4.60517018595235
"301",3.45518770282007,4.60517018577131,4.48539102762724,4.2812105674036,4.60517018589873,4.6051701858614,4.60517018587535,4.60517018596492,4.36761707627309,4.60506770740395
"302",4.60517009683613,4.60517018592617,4.60517018576655,4.60517018447334,4.60517018492612,4.60517018597504,2.72204224503079,4.60517018543524,4.60517018585924,4.60517018582181
"303",4.6051701857471,4.60517018508745,4.60517018582884,4.08297825723619,4.26014574025007,3.98986317387408,1.32398478581135,4.03692667319015,4.60517018593876,4.60517018597491
"304",4.60517017983784,1.0333022962927,4.60517018596249,4.6051701858794,4.29577730721078,4.42043737380463,3.74528959297217,4.60517018597338,4.60517017891556,4.60517018107802
"305",4.60517018516691,4.60517018525677,4.60517018563461,4.60517018567784,3.99592702862759,4.14595257744595,4.6051701859729,4.60517018590537,4.60517018596732,4.57386466317791
"306",4.60517017502515,2.57608412950353,4.30599072061027,4.21660761290838,1.07408874085945,4.6051701858176,4.60517018564236,4.60517018598267,3.15905178547581,4.60517018592762
"307",4.29539254067818,4.60517018586211,4.54703050287321,4.60517018572261,2.15866698552303,4.60517018506775,4.6051701858089,4.60517018597366,4.04591529310696,2.26843768967746
"308",4.36622300193132,4.60517018565868,4.60517018597902,4.13119972704047,4.60517018591253,4.60517018587559,4.605170185969,4.60517018594282,4.6051701859127,4.60517018597781
"309",4.60517018458843,4.60517018358888,4.60517018151886,3.26223399026458,4.60517018598685,4.40922816774781,4.60517018597935,4.60517018590849,4.60517018592189,3.28808456208932
"310",4.60517018465485,4.60517018589021,3.13586671189783,4.60517018577288,4.60517018592675,3.59810918272605,4.60517018596238,4.60517018598048,4.6051701852391,1.85181026503508
"311",3.27585503792352,4.60517018458192,4.30404318636165,4.57601666921359,4.60517018531768,4.42939651075542,4.50862120719754,3.8669374477372,2.75635460785216,4.60517018575828
"312",4.60517018248495,4.60517018515414,3.50857279217345,4.60517018595014,4.60517018590825,4.60517018594578,4.6051701859263,4.07183883933155,4.60517018594993,4.24226229337481
"313",4.60517018581101,4.60517018082681,4.54914982817239,4.60517018020505,4.47364333372026,2.42904201532605,3.26224003049144,4.56517654658964,2.90406896845371,4.60517018572193
"314",4.60517004585078,4.6051701858533,4.60517018582503,1.18945454498625,3.92797954510586,4.60517018369438,4.60517018244394,4.0762334691841,4.60517018598588,4.11901472751558
"315",4.60517018478424,4.60517018562368,4.60517018582767,4.60517018223706,4.60517018598654,4.58609285267205,3.37940794854916,4.60517018511888,4.60517018589823,4.60517018547193
"316",4.60517017515131,4.60517018592027,1.79166930132176,4.60517018598613,4.60517018598507,4.60517018573751,4.60517018593603,3.03529010245627,4.60517018589589,4.60517018592944
"317",4.60517017311942,4.60517018525023,4.33116345295511,4.60517018598441,4.60517018597844,4.60517018538704,4.60517017806293,2.04231630317818,4.60517018597304,3.79874535709138
"318",4.60517007437687,4.60517018593331,2.55343854687926,4.60517018462393,4.60517018597353,3.84175246569419,4.60517018596805,3.72398947615204,4.60517018594987,4.60517018565685
"319",4.60517018334831,3.63925900702863,2.81117470556999,4.60517018575275,4.60517018586204,1.69508426172563,3.85928975545573,4.40527631251064,4.60517018596369,4.4402221242174
"320",4.60517018171277,4.47797948967065,4.60517018598251,2.33904820937775,4.60517018588897,3.58811197294966,4.60517018486831,0.803450042213967,4.60517018558104,4.60517018541989
"321",4.37813006092533,4.60517018249926,4.17115666673746,4.60517018588527,4.60517018597471,-1.81888638022457,3.50593827091701,4.60517018587771,2.70290287449114,1.5212534639534
"322",4.60517018070604,4.60517018569981,4.60517018597494,4.60517018581447,4.60517018594145,4.33685144285405,4.60517018584721,4.2080981735246,4.60517018498149,4.6051701856517
"323",2.12339708189879,4.60517018573884,4.6051701859169,2.75845844257211,4.6051701847822,4.60517018559888,4.60517018559571,4.60517018598532,3.05105513264022,4.60517018580634
"324",4.60517018217858,2.53702915949718,4.36459241991628,4.60517018368205,0.981741079853805,2.48059362174291,4.60517018592765,4.60517018581041,4.60517018571818,2.66428656792579
"325",4.60517018490836,4.60517018586769,4.60517018247421,4.46079911273914,4.22919336605281,4.60517018579168,2.41031635190824,4.60517018453297,4.6051701859497,4.60517018592998
"326",4.60517017651132,4.49261525901434,4.60517018569766,2.19415362649919,4.60517018567694,4.6051701859367,3.10506154980439,4.60517018598733,4.60517018598688,4.60517018578585
"327",4.38954777020282,4.60517018287086,4.60517018543129,4.01528169959987,2.63680720163643,4.6051701858546,4.13786857469957,4.60517018561319,4.60517018555382,4.60517018597469
"328",4.60517018580819,4.60517018577146,4.6051701856273,4.60517018390975,4.60517018575401,4.2899442312923,4.60517018597794,4.60517018593217,4.60517018597258,4.60517018506192
"329",2.89458589529174,4.60517017767734,3.43328598536259,4.60517018592347,3.36242270306877,4.20025772348514,4.07989833694046,4.60517018541819,4.60517018514794,4.4242499858662
"330",4.60517018525081,4.38796361435916,4.60517018565885,4.60517018596219,4.6051701855674,3.73976820868796,0.924326665927993,4.60517018591125,4.60517018596542,4.60517018585438
"331",1.57672116993682,4.21671015684966,4.60517018578179,4.60517018561099,4.60517018554776,4.6051701859014,4.60517018595996,4.6051701859846,4.12853319835557,4.6051701848514
"332",4.60517018461478,4.27893959360394,2.6108087550658,4.60517018580384,2.30511459744082,4.60517018481623,4.6051701836424,2.40945943855937,4.60517018575675,4.60517018593805
"333",3.04076573747345,2.19678690067011,4.1086620819455,4.60517018594501,4.60517018595635,4.6051701859717,1.81625746411524,4.6051701857663,3.7787669941203,4.60517018598182
"334",4.60517018542311,4.60517018256597,4.39854045313083,0.0635301096482549,4.60517018589579,4.60517018531999,1.54056549711333,4.60517018568316,4.60517018598605,4.60517018597454
"335",0.0617077380333059,4.60517018578176,4.60517018567435,4.60517018594902,4.60517018598702,4.60517018582681,4.60517018550564,4.60517018593228,4.13726566117865,3.81218117008089
"336",4.6051701853618,4.60517018592937,4.6051701859592,4.60517018593954,4.60517018594398,4.60517018518981,4.60517018594581,4.26145920060216,4.60517018594473,3.71180697797212
"337",3.08970287781557,4.60517018551509,2.56025189836812,0.279770675487328,3.17451614527432,2.60728802866133,3.82484264915847,4.60517018593262,3.62282349012202,4.27377002727329
"338",3.94391974033861,4.60517018578665,4.60517018585556,4.60517018588392,4.34229492038524,3.89856299779092,4.60517018580441,4.60517018597875,-0.17377041121577,2.41675837472883
"339",4.15451364120989,4.60517018596875,4.60517018568528,4.60517018595783,4.605170185902,4.60517018592262,3.18246331319368,4.60517018587115,4.3200436937781,4.60517018580535
"340",4.60517018134564,4.08886705666027,1.64363933099676,4.60517018570843,2.65417877145116,4.60517018585978,2.10641652005911,4.60517018595857,4.60517018597943,3.50742306739349
"341",4.46155492044095,4.60517018550783,4.60517017359487,3.46536044714178,2.86010081122808,3.28089775802732,4.60517018598341,4.60517018583067,4.60517018595462,4.3184742518109
"342",4.60517017707006,4.60517018552832,4.60517018586039,4.27737165850881,4.60517018598679,4.60517018597938,4.55340507304579,3.57430130886453,4.60517018596076,4.60517018595613
"343",4.60517017670368,4.60517018518718,4.56774545650659,4.53909928013231,4.6051701857828,4.48696602963199,4.60517018590701,4.60517018589576,4.60517018483478,-0.367069637792724
"344",4.60517017489387,4.6051701856642,4.6051701857926,4.60517018591315,4.10098097287636,1.07625378799646,4.60517018598117,3.92911076095488,4.60517018598557,3.41781377288746
"345",4.60517018272273,4.605170185425,4.60517018598122,4.60517018595793,4.60517018582193,4.01866683880274,4.6051701858409,4.10208090972228,4.40380779711253,4.60517018571383
"346",4.60517013352305,4.60517018581508,4.2874151994609,4.60517018523007,3.00723107321352,1.80468528966321,4.60517018598129,4.60517015173224,4.39840624899159,4.60517018590267
"347",4.59265144954206,3.40642297239161,4.60517018558878,2.17698209053115,4.60517018583127,4.6051701668257,4.60517018592805,1.9947908775228,2.93746286375469,-0.623438166794045
"348",-2.18433247473611,4.60517018556649,4.60517018568291,4.60517018596704,4.60517018557262,3.90437981121978,4.60517018597994,4.60517018595243,4.46787651401593,4.60517018578216
"349",4.60517018226572,3.12998620529444,4.60517018530818,4.60517018544043,3.87127448871317,4.6051701859593,4.60517016577975,4.29473834522858,4.60517018587643,3.27312383299611
"350",2.74920983701848,4.60517018590666,1.06697159586057,4.60517018515748,4.60517018597515,2.45623560237121,4.60517018590562,4.60517018594385,4.60517018598395,3.66636788729016
"351",1.7036733259325,2.12028849854499,4.60517018572047,4.60517018473314,4.60517018597737,2.22271792445177,4.60517018516849,4.60517018598117,4.60517018596346,4.60517018590403
"352",4.60517018435419,4.33314413307345,2.22665634438651,4.6051701859587,2.26429313956758,4.60517018594774,4.60517018591605,4.6051701858911,4.60517018598503,3.65512714104307
"353",4.60517007083835,4.60517018570583,4.02367668113277,4.60517018580647,3.10143050081712,4.60517018564181,4.60517018452688,4.60517018554066,4.60517018541273,3.34739569199684
"354",4.6051701850818,3.41618830953069,4.28200662123555,4.60517018572828,4.53271940868171,4.6051701859728,4.60517018587615,4.60517018343015,4.60517018586697,4.60517018590895
"355",4.60517018533274,1.79693110806723,4.53051069042409,4.60517018592951,3.31571391611766,4.60517018590282,4.38601423688912,4.60517018588388,4.60517018580379,4.60517018594763
"356",1.81786921647978,1.33434082718052,4.60517018502654,1.29150722683406,4.60517018598171,4.60517018593455,4.6051701824647,4.60517018597926,4.60517018594109,2.9474924202151
"357",4.6051701854345,4.15318426456851,4.56426202727349,4.60517018589104,4.2452246953209,4.36835095868702,4.60517018597864,4.39507604921951,1.67416400574743,4.60517018598182
"358",4.60517018382572,4.6051701859588,3.79762125842521,3.21480604551427,0.37320698543941,0.426276062007531,4.6051701857695,4.60517018571207,4.60517018520528,4.60517018473058
"359",3.55785101648225,1.69544706913317,4.60517018592284,4.60517018598604,4.6051701857767,3.71119939917267,4.07728456779041,-0.27164205474395,4.60517018589195,1.43197246926402
"360",4.60517017524027,2.44035388451127,4.60517018477718,4.60517018553665,4.60517018596447,4.60517018595569,4.60517018591396,4.6051701859252,3.8777147879056,4.19643278601677
"361",4.60517018571953,4.60517018524953,4.60517018562,4.60517018572463,4.60517018585053,3.8667508201635,3.94674340202221,4.6051701859285,4.60517018594044,4.60517018582871
"362",4.60517018593812,4.60517018574505,4.60517018473085,4.60517018585729,4.60517018596569,2.62119618358918,2.67518239830473,4.46736390326396,-2.13805069966466,3.73195474069189
"363",4.60516993499925,3.85470384703488,4.60517018533039,4.60517018498804,4.60517018539963,4.60517018520333,4.6051701859858,3.32100745017596,4.4062858138696,0.91997505699706
"364",4.60517017887764,4.60517018276323,4.6051701859773,3.81124829871456,4.6051701859852,4.60517018586076,4.6051701857823,4.60517018595417,4.60517018594697,3.96834016687845
"365",4.6051700934415,4.60517018596157,4.37962071486363,1.01699033754929,4.60517018568721,4.60517018594081,4.60517018591185,4.60517018595252,4.60517018559557,3.77486956400315
"366",4.60517017460515,4.60517018583382,4.60517018597982,4.60517018593325,4.3791243120321,2.17798247126021,4.60517018598051,4.20565222121468,3.5324804113726,4.60517018585634
"367",4.60517018552629,4.60517018512368,4.60517016997018,4.60517018586611,4.60517018567555,4.60517018591811,3.85335277097225,4.60517018590721,2.8512872743803,4.60517018597952
"368",2.36564831001249,4.60517018565513,4.6051701859063,0.717689891288757,2.20709398410004,4.60517018596123,4.6051701855356,4.6051701859881,4.60517018201934,0.493179797148542
"369",4.60517017399502,-0.068374626093636,4.54490665158201,4.60517018588169,4.04010948414751,2.52694212941552,4.60517018572108,4.60517014977927,4.60517018594703,4.60517018087248
"370",2.88365112078255,3.0323959601235,2.72840887447819,4.60517018565214,4.25606594573563,4.60517018583563,4.21291419606739,4.60517018597952,-0.393545450598651,3.59839727328918
"371",4.60517017736642,4.60517018583002,3.19163775841547,4.11809751859974,1.99277046964252,4.2743209573033,4.60517018595667,2.66950623145014,4.20430410747946,4.60517018596386
"372",4.6051701810302,4.60517018598263,4.60517018534382,4.60517018486047,4.60517018598094,4.6051701858963,4.38529802220933,4.60517018590431,1.59709954183683,2.81839151778658
"373",3.96976670179252,4.60517018543223,2.59558381500177,4.60517018571028,4.60517018574191,4.60517018584682,4.60517018586147,4.60517018519366,4.18754420722087,3.7135468143799
"374",4.60517018334819,4.6051701856926,4.6051701858282,0.792344004677261,4.60517018452092,3.25142560668722,4.6051701859807,4.60517018532786,2.74939181234674,4.60517018595289
"375",4.60517018166085,4.60517017995253,-0.511216826603345,4.60517018597572,2.60765930646043,4.01564050384367,4.60517018598742,4.60517018597022,1.85279815058919,4.60517018598367
"376",4.60517018431911,4.60517018561497,4.60517018529751,4.60517018332861,4.60517018596903,3.89075681696627,3.99746502212091,4.60517018589968,3.25335401030117,4.60517018598088
"377",4.60517017568544,4.60517018533101,2.764401786679,4.60517018588278,0.959936813315935,4.60517018575952,4.60517018588044,4.57490132177261,4.60517018584758,4.60517018591486
"378",4.60517018365697,4.60517018585621,4.60517018567167,4.60517018598112,4.60517018588565,4.6051701859441,4.60517018598135,4.60517018581464,3.51414558475204,0.491156787202783
"379",0.413531327160385,4.60517018565571,4.34382264807279,3.76914881419081,3.21703237155914,4.60517018589954,4.60517018568146,4.60517018596681,4.60517018228887,4.60517018590193
"380",4.60517018067034,4.60517018587348,4.60517018598446,4.6051701858452,4.36157508686397,4.60517018591608,4.60517018581791,4.60517018596744,4.60517018598497,4.60517018594143
"381",2.48248801289435,4.60517018597383,4.60517018597658,4.60517018598584,4.6051701859236,4.60517018576272,3.64750510482571,2.98792047944076,4.60517018467414,2.9798680968058
"382",4.60517018270724,4.60517018593008,4.60517018550314,4.60517018565324,3.48105049642511,2.06435301696946,4.28168753166875,4.60517018591685,4.38795660644411,4.6051701859185
"383",3.16849261468967,4.60517018597606,4.6051701859512,4.4379923442287,4.6051701859011,4.60517018589795,4.6051701856604,4.6051701849608,3.22301994267531,1.20370271965871
"384",3.83122075680427,2.10535077952239,4.60517018588988,4.60517018379261,4.6051701853247,1.1129963129666,4.60517018579077,2.06782399854706,4.56541307964892,4.60517018584116
"385",4.50595784565969,2.57269352847363,4.60517018591386,4.60517018546325,4.60517018571815,1.49002302969346,4.60517018595803,2.13602065042366,2.61711409434997,4.60517018598492
"386",1.25079636440807,4.60517018244258,4.60517018558865,4.60517018574674,4.6051701859827,3.44659481658265,4.60517018596968,4.24601109378804,4.60517018597878,3.41912189140868
"387",4.36324075744817,4.60517018571797,4.24408109131875,4.60517018569763,3.60044763642814,4.60517018597673,1.99108647665307,1.51943136569332,4.60517018598063,-1.14700002292565
"388",1.94443621309524,4.60517018583889,2.4423891511252,4.605170185947,4.6051701851502,4.60517018589968,4.60517018581281,2.18478243926432,4.60517018596207,4.6051701859835
"389",4.60517018046568,2.72207148993169,4.60517015584938,4.60517018597501,4.60517018592154,4.60517018482911,4.40861481854185,2.41362415526248,4.60517018590031,3.92874931981947
"390",4.60517018405876,4.60517018484984,3.48795327019815,4.45608222776438,4.60517018553267,4.60517018499698,1.51557153004106,0.759947129206012,4.60517018597102,4.60517018595763
"391",2.09016094324194,4.60517018578366,4.60517018580698,3.53091104263672,4.60517018463966,4.60517018555329,4.6051701859364,4.60517018374668,4.60517018590002,3.77264537152615
"392",4.05284725825835,4.02303480052172,4.60517018570646,4.60517018585794,2.73108263510727,3.81435379418166,0.167910211429216,4.60517018519846,3.54639180342951,4.60517018597503
"393",4.6051701704728,4.60517018444711,4.60517018567495,1.99507582075046,2.34809672712008,4.6051701135988,4.60517018521421,1.36741849209886,4.60517018588519,3.28331491762444
"394",4.60517018315608,3.95724011120785,4.60517018561231,2.89347609457985,3.30911801212997,4.6051701859686,4.59223023931277,2.85600128337373,4.58350151298012,4.6051701859806
"395",4.60517018465926,3.91643482912367,2.05367277444969,4.60517018555774,4.31442337957481,4.60517018591604,4.60517018581663,-1.39868104017674,4.60517018576456,4.60517018594129
"396",2.79129820506206,4.60517018481444,4.60517018571636,4.60517018595989,4.22968230514881,4.60517018535106,2.91336479622535,4.60517018569652,3.99032504047148,4.60517018550181
"397",4.60517018418756,3.43848581409805,3.23844476843611,4.60517018569794,4.60517018588796,4.33409963508933,2.50069241329402,4.60517018579441,4.59216587618553,3.4665719228951
"398",4.60517017779445,4.60517018592061,2.90771039351543,4.60517018566611,4.60517018597628,4.60517018595371,4.60517018583839,4.60517018568036,4.60517018568768,4.60517018571073
"399",2.12588631658103,1.82596543952607,4.60517018541297,3.95472099083071,4.60517018569448,4.60517018384797,4.60517018451495,4.6051701857717,4.60517018174673,2.86960407273179
"400",4.60517017356686,4.60517018434842,0.184475912338769,4.5829785603201,4.605170181719,3.64773805631881,1.53822704756958,3.78061669362179,3.52407314124756,4.60517018594413
"401",4.60517018277265,4.60517018589886,4.60517018597288,4.6051701853429,4.60517018550811,4.60517018598161,4.60517018587788,3.75835045764589,4.37300438721618,4.60517018570107
"402",4.60517018586356,4.60517018487001,4.60517018583715,4.60517018586866,4.60517018597859,2.08841465121282,4.60517018586162,4.60517018593816,3.37617947776772,0.744918990252216
"403",4.60517016371965,4.60517018530079,4.60517018538343,4.60517018337954,4.60517018592108,4.60517018590437,4.60517018595475,4.60517018576522,4.60517018541935,4.60517018597528
"404",4.60517018055342,4.60517018552683,4.60517018587228,4.60517018514373,4.60517018592626,4.60517018592748,4.47715025278288,3.16577213544397,2.84852768469068,4.44149339038785
"405",2.14976032299775,4.60517018589573,4.60517018586917,2.64965895463695,4.60517018574141,4.6051701856051,4.60517018598574,4.60517018581643,4.60517018595692,4.59684995168712
"406",3.96673829349304,4.60517018593524,3.82806223646308,4.60517018557722,2.4139805893643,4.60517018594994,4.60517018587157,4.60517018509469,4.60517018594788,1.52012836327074
"407",4.60517012196428,4.60517018447082,3.58120023241679,4.48693993715247,4.60517018574689,3.89470227216225,4.60517018595624,4.60517018588449,4.60517018594359,3.18424273152391
"408",4.60517018258642,4.60517018592772,4.60517018551258,4.60517018557495,2.62331160030594,4.6051701858172,4.60517018551333,4.60517018541321,4.60517018456648,4.60517018586148
"409",4.60517017343791,1.5080953283875,3.76606185160782,4.60517018522475,4.60517018574288,4.60517018591632,4.60517018588786,4.6051701858369,4.60517018590539,1.75747368415287
"410",-0.36252155747863,4.60517018541926,4.60517018597011,4.60517018598094,4.60517018592638,4.60517018572391,4.60517018455278,4.60517018569212,4.60517018593578,4.60517018598082
"411",4.60517017494588,4.60517018594779,4.60517018592851,4.60517018583307,4.60517018393719,2.57009325975103,4.60517018583209,4.60517018570323,4.60517018597733,4.60517018596775
"412",4.60517018098824,4.60517018590286,4.60517018593781,4.60517018597703,4.60517018597102,4.60517018476932,4.60517018598318,4.33318023818512,4.60517018582374,4.60517018596869
"413",4.60517018416907,4.60517018555316,4.60517018569442,4.60517018595303,4.60517018597601,-0.108173365948062,4.60517018597369,4.60517018576917,4.60517018598597,4.60517018597585
"414",4.60517018291439,2.77155228869697,4.60517018587286,4.60517018589812,4.60517018545943,2.26406360974602,1.71356950467711,4.60517018581632,4.6051701859746,4.60517018596491
"415",4.22664562509455,-1.15962686339961,4.60517018595989,4.60517018595182,4.60517018595741,4.54625002015672,0.659272566329037,4.31324684009357,4.6051701859669,4.60517018596144
"416",4.60517018312184,4.60517018586977,4.6051701856085,1.09207586633943,4.60517018567003,4.60517018537007,4.60517018594481,3.75615240808401,-0.0713473481913524,4.60517018598136
"417",4.60517018486014,4.40629071485314,2.93217023354735,4.60517018595739,4.60517018590961,1.28581435742883,4.60517018493775,4.60517018556602,4.60517018590161,4.60517018593035
"418",4.60517018584206,1.90814022317047,4.60517018586994,4.60517018588136,1.65976813311519,4.60517018525415,4.33487207107228,4.60517018585648,4.60517018566165,4.60517018558036
"419",3.67520040229888,4.6051701842821,4.60517018598212,4.60517018591,4.60517018590289,3.20142190383176,1.1699224888736,1.51895883007599,4.60517018588152,2.36954163487746
"420",2.63823004300841,4.34883138398513,4.60517018586499,4.60517018561211,4.60517018597878,4.60517018595071,4.45429657360438,4.60517018595718,4.60517018482113,4.60517018591202
"421",4.60517018305316,4.60517018598149,4.60517018499004,0.474697915521986,4.47527487993609,4.60517018553664,4.60517018598202,4.60517018580424,4.44612297979305,4.60517018586415
"422",4.60517018132067,4.60517018408986,1.31478342891312,4.60517018581497,4.60517018544321,4.60517018585909,4.105423303959,4.60517018593447,4.60517018598458,4.37266683743948
"423",4.60517016483402,4.60517018585274,4.60517018364737,4.60517018521396,4.60517018581575,4.60517018598647,1.12701253244182,4.60517018597176,3.91916877474449,4.60517018596141
"424",4.60517018547109,4.60517018481843,4.60517018570438,4.60517018588098,2.95801184223632,4.60517018465222,4.60517018563178,4.60517018583175,4.60517018584434,4.60517018595604
"425",4.41611461513276,4.60517018594429,4.60517018588966,4.60517018550294,4.60517018444733,3.88665338245947,4.6051701857819,4.6051701859827,4.60517018535415,4.60517018597039
"426",4.60517018231076,4.60517018590069,4.49733257144095,3.78074431587839,4.60517018581956,4.60517018588153,4.60517018574168,4.60517018595908,4.60517018596821,1.71301411548339
"427",4.60517017743521,4.60517018598724,3.70439119249724,4.45811105772383,3.84610936320735,4.6051701858942,4.60517018587784,4.60517018595064,1.38907239949862,4.60517018570124
"428",4.60517018399142,4.60517018473831,4.60517018597766,3.40156927688193,2.96496793438938,3.65491524429842,2.02821337935772,4.17723262057311,4.60517018576957,4.49550050704136
"429",4.29019539123131,4.60517018579579,4.6051701859279,4.60517018475161,4.60517018588921,4.16657136620896,4.60517018413725,4.60517018598387,4.60517018595226,0.923335059982747
"430",4.60517017427486,4.60517018581876,4.60517018594663,4.60517018591395,4.60517018550789,4.60517018586862,4.60517018588706,4.60517018581413,4.60517018538766,-0.104769022620815
"431",4.60517018508534,4.60517018587551,4.60517018543111,4.6051701859469,4.60517018546328,4.60517018582577,4.60517018598173,3.34636204766272,3.97482957587675,4.60517018538835
"432",4.60517018102949,4.60517018598421,4.6051701858602,4.60517018508429,2.31046365232378,4.60517018562535,4.60517018582152,4.60517018598492,4.60517018597241,3.21747985084747
"433",4.60517018498497,4.59208256463995,4.32219221761167,4.26569989490862,3.44946512171228,-1.5957378417033,4.60517018578813,4.60517018598401,3.83074837274069,4.60517018593845
"434",3.4164692817277,4.60517018585307,4.60517018598067,4.60517018586704,4.60517018189444,0.0995326820395093,2.49750270408163,4.60517018593293,4.60517018581947,4.60517018598119
"435",4.6051701851317,4.60517018584101,2.73100193917097,4.60517018587248,4.60517018578864,3.37457452609819,4.60517018595111,2.91139353354674,4.60517018555637,1.20817945228691
"436",4.60517018571291,4.6051701859819,4.60517018434757,4.60517018586307,4.60517018556128,1.39126947867872,4.60517018586322,4.6051701859833,2.92899014112086,4.60517018592373
"437",4.60517016894616,4.06054777100808,4.60517018575496,2.79649455775524,4.60517018572024,4.60517018544633,4.60517018585281,4.60517018595692,4.60517018481056,4.60517018587242
"438",4.60517016770744,4.60517018597618,4.60517018597913,4.60517018574595,4.40801000604415,4.60517018505956,4.26430582747528,4.60517018581788,3.2256056127402,4.60517018597358
"439",4.60517018071133,4.60517018516064,4.60517018597545,4.35575124372815,3.89241878999613,4.60517018333496,4.60517018590696,3.10885935594118,4.60517018584221,4.60517018589724
"440",4.60517017912649,3.99562139491009,2.56108936829563,2.76160369445833,4.50676623190546,4.60517018576886,2.74645532716141,4.60517018597952,4.60517018597807,4.60517018507889
"441",4.60517018181559,4.58519143755219,4.6051701813721,4.6051701853645,4.60517018596082,2.53840678247505,4.60517018597253,4.60517018595334,4.6051701859829,4.04420965722065
"442",-2.37858279942346,4.60517018558856,4.60517018584552,4.60517018595633,4.60517018556006,4.60517018594994,0.155329270185675,4.60517018593433,4.6051701857744,4.2924721830228
"443",2.45961739650608,4.60517018590841,0.300887690950489,1.09396164698833,4.60517018594534,4.58996461257398,4.60517018595536,4.60517018594314,4.60517018562334,4.60517018578332
"444",4.60517018466332,4.60517017559539,4.60517018491628,3.81901011341949,4.60517018452788,4.60517018577241,4.00511497464217,4.47647500575351,1.80978269360156,4.60517018595738
"445",2.43314020935621,4.60517018559661,4.60517018484509,4.60517005604844,4.60517018595269,4.6051701857705,4.60517018576428,4.21946403896507,2.98662924437843,2.98457955482348
"446",4.60517018287761,4.60517018593835,4.60517018585612,2.84759323243148,3.16551639853748,4.60517018475817,4.60517018586575,4.60517018436778,4.60517018566941,4.60517018586108
"447",4.60517016868397,4.60517018583734,2.7441052630282,4.60517018576532,4.60517018569338,2.66954076985456,2.83724186365905,4.34833907946265,4.60517018598185,4.60517018598549
"448",4.46330458842972,4.60517018479626,4.60517018592593,4.59631302002794,4.6051701859657,4.60517018592748,4.60517018586984,2.72829171826537,4.29342000761301,4.60517018110158
"449",4.6051701654295,4.60517018414334,2.69526644261985,4.60517018270309,4.60517018590539,4.60517018544368,4.60517018591645,4.60517018581385,3.49049018209135,2.20470687370144
"450",2.76852136832591,4.60517018584102,4.60517018592414,4.60517018558016,4.60517018577877,4.60517018563925,4.60517018592611,4.60517018582553,4.60517018535106,1.17279284936203
"451",4.33532092474805,4.4236429718372,4.60517018279798,4.60517018569251,4.60517018575726,4.60517018593956,4.60517018593903,4.60517018559989,4.60517018598296,4.60517018598298
"452",4.60517016060005,4.60517018404842,4.60517018586893,4.60517018583788,4.60517018583022,4.60517018495014,4.60517018591131,4.60517018578534,4.60517018593163,4.60517018597761
"453",4.60517016200789,4.60517018569971,3.86312090234361,4.60517018596603,3.38895321489542,3.50568165476056,4.60517018598139,4.40071166108183,0.74080441275396,4.60517018582024
"454",4.60517018571325,4.60517018499132,4.60517018382967,4.60517018029978,3.5864148001355,2.78078101781946,4.60517018534176,4.60517018597446,1.59047261669087,4.60517018580396
"455",2.63758852849062,4.60517018480063,3.84433379300498,4.60517018551052,4.60517018598145,2.78729033268201,4.60517018577387,4.60517018568721,4.60517018584576,4.45073916499052
"456",2.54248169776875,4.56649208905869,4.60517018596444,4.60517018524912,1.8424980906116,4.41620518704337,4.60517018568626,4.60517018577616,4.02230489924676,4.60517018598691
"457",1.94766879182018,0.215825649425661,4.6051701852009,4.60517018597299,0.693109877664526,4.60517018595941,4.60517018578915,4.60517018565645,2.85032490893789,0.605088317566583
"458",4.6051701830924,4.60517018594892,3.89345743490496,2.90813834283348,3.48629670133508,4.60517018570374,4.57321149760156,4.60517018590923,4.53892976426917,3.99211496452665
"459",3.42803916555356,4.20519762875807,4.60517018182129,4.60517018418604,4.32758419800301,2.79447609150273,4.60517017281853,4.60517018597403,4.60517018584167,4.60517018598796
"460",4.60517017978121,4.60517017312956,4.60517018598122,4.60517018579813,4.60517016712684,1.12420006706667,4.60517018555902,4.60517018588649,4.60517018536476,4.00828823496002
"461",2.43429578748919,4.60517018431141,4.60517018551842,4.60517018590801,3.64018996042186,4.43641712283937,3.52328688519322,2.73148206727308,3.88008951344938,4.6051701849793
"462",4.60517018561582,4.60517018417496,4.60517018597359,4.60517018573663,1.94642309104039,4.60517018365891,-3.33581356488477,0.358961888136662,4.60517018511908,4.6051701859447
"463",4.60517018452032,2.73068042537175,0.870880369822345,3.66393938679762,4.60517018597895,1.28139653076259,4.22660060969847,3.87328376332485,4.60517018596059,4.60517018595181
"464",4.24917207371098,3.66469188209182,4.6051701852374,4.32693443289153,4.605170185924,4.60517018594538,4.60517018590855,3.99081147658438,4.60517018592915,2.94719925970222
"465",4.6051701822809,4.60517018539203,4.60517018588874,1.84347164965753,4.60517018577876,4.60517018594038,2.814061237602,4.60517018592525,1.91131965963868,4.44085701020148
"466",4.60517017313516,3.38256839010342,4.6051701853124,4.60517018594413,4.6051701859803,4.47807605219815,3.93775015655788,4.60517018586924,4.60517018503822,4.60517018594325
"467",4.19635742661184,3.92400932297127,4.60517018587208,4.06051614853079,4.60517018574411,4.60517018568657,4.60517018551408,4.60517018581842,4.60517018594018,4.60517018598213
"468",4.60517018516413,4.60517018597746,4.60517018487772,4.60517018595529,4.60517018596042,4.60517018520056,4.60517018592907,4.60517018596104,4.60517018594004,4.60517018587373
"469",2.66972636717249,4.60517018586395,4.24042478255433,4.1459930349309,4.60517018592395,4.60517018592311,4.60517018594346,4.50099171507146,4.60517018569493,2.31137458442478
"470",4.6051701511194,4.60517018567694,4.60517018594491,4.60517018561045,4.60517018595682,4.39136503223813,4.60517018590949,4.60517018542237,4.60517018598802,4.60517018585159
"471",4.60517017876394,4.47145798057295,4.60517018552167,4.6051701858845,3.11120168275757,-2.3003047875295,1.98272353430031,4.60517018587981,4.60517018483935,2.48423743421318
"472",4.45400133355146,4.60517018573018,4.37746172549788,2.04996349260999,4.48590673749334,4.60517018583062,2.01459998771494,4.60517018239412,4.60517018598142,4.60517018598065
"473",4.60517018547209,4.60517018591807,4.60517018525631,4.60517018570251,4.60517018595557,4.16459064599012,3.63574525526656,1.76049218039562,3.90733325610728,4.60517018589499
"474",4.06260675189644,4.60517018551537,4.60517017082621,4.60517018519496,4.6051701844943,3.42674070769672,4.60517018598753,4.60517018595996,4.60517018590514,4.55822695478935
"475",1.25974887633282,-0.883912523413411,4.60517018574676,4.43104112406687,4.60517018565623,4.6051701848537,4.60517018577386,2.55980993829542,3.26036205298232,4.60517018594743
"476",4.60517018520318,4.60517018550227,4.6051701854513,2.6960336045214,0.827127452577201,3.20839533606366,2.95415694024078,4.60517018594253,4.60517018593313,4.6051701859837
"477",4.60517018534397,4.60517018577627,4.60517018502691,4.60517018580046,4.60517018588968,4.60517018085621,4.60517018545119,4.60517018561117,4.60517018348435,1.68225347198421
"478",4.60517018127688,4.60517018574138,4.60517018596268,4.60517018586978,3.85564167501538,4.60517018514562,4.60517018592481,4.60517018577045,4.60517018578403,2.76141290289326
"479",4.60517017828964,4.60517018570899,4.60517018598412,4.60517018565804,4.25751543629698,2.82715434178007,4.60517018596184,1.86554906005486,4.60517018574708,4.07448535609808
"480",1.55579404280627,4.60517018200145,4.60517018593872,1.55215431944882,4.6051701855004,-0.532312718098069,4.60517018589492,4.60517018596079,4.60517018598327,4.60517018594848
"481",3.32444999500562,2.13866487141591,4.60517018594749,4.48339616459654,4.60517018598597,3.21857706675662,4.60517018597308,4.60517018594359,2.98929762454259,1.9929154379937
"482",1.97828849634796,4.60517018568753,4.41827514683897,3.59643980182811,4.60517018573398,4.28163697108963,4.60517018387418,3.27250480371731,2.68069692176277,4.60517018596838
"483",2.42943962126169,3.33193537824695,4.60517018591148,4.60517018574706,4.60517018591632,4.60517018568611,4.60517018581338,4.02342161941075,4.60517018593117,4.6051701859775
"484",4.60517018577826,4.20549982786396,3.47409603389301,4.06118918563548,4.60517018598678,4.60517018586663,4.60517018588396,4.60517018596607,2.82763238329852,4.60517018591119
"485",4.60517018552222,4.6051701852512,4.60517018574548,4.60517018584046,4.60517018531529,4.60517018594882,4.60517018515435,3.50883575098422,-0.392192067678621,4.60517018598202
"486",4.60517018558043,3.48030878251343,4.31853358972722,4.60517018585239,2.75612384377938,2.31232974550767,4.60517018598262,4.60517018597869,4.60517018595237,4.60517018590218
"487",4.60517018544333,3.41481250188727,4.60517018528039,4.41476109232832,4.60517018529426,4.60517018597079,4.60517018591611,4.60517017911889,1.0982508636441,4.00628788808621
"488",4.605170185552,4.6051701858741,4.60517018578888,2.79853451383867,4.57948216076532,4.60517018588996,2.26564902882282,4.6051701859718,3.21504228125542,4.55957201156247
"489",4.00047515339938,2.29547192451176,3.65835232844647,4.60517018568501,4.60517018557707,4.6051701858331,4.60517018591364,2.18334758499608,4.60517018593831,4.60517018589726
"490",3.27238543002429,4.27363316719467,4.48935460434284,3.66715988432404,4.60517018523713,4.60517018511476,4.60517018594393,4.60517018141886,4.60517018549146,4.60517018595937
"491",4.60517018333128,4.60517018276589,4.60517018584792,4.60517018535424,4.36837395512896,3.77070578762061,2.51761464789072,4.60517018592509,3.96888174556534,4.60517018588394
"492",4.60517016851583,4.60517018591808,4.60517018566121,4.60517018525449,4.60517018596434,4.60517018593774,4.2936052209547,4.60517018590477,2.2375446806507,4.60517018594871
"493",4.60517018530921,2.0726238253084,4.60517018595597,4.60517018592469,4.60517018597763,4.60517018595858,4.60517018580609,4.60517018585128,4.32486388104053,3.72981894480102
"494",4.23745753812871,3.06274764759641,3.70201270775667,4.60517018586997,3.27128647623381,1.35818869850335,4.60517018592046,4.60517018593001,4.60517018598526,1.96781289992268
"495",4.60517018590639,4.60517018582724,4.07822798271117,4.36797354031469,4.27580174746922,4.60517018587097,4.60517018569753,3.61338603195995,4.6051701859754,4.60517018576843
"496",4.48683410041833,4.605170185206,4.43788398280408,4.60517018561997,4.60517018593688,4.60517018574915,4.60517018556897,2.39806660187281,4.6051701858033,2.6607215373663
"497",4.60517018280844,4.6051701851121,4.60517018598468,4.60517018587655,4.60517018588916,4.60517018589123,4.605170185986,4.60517017809221,4.60517018593708,4.60517018598409
"498",4.08885559911447,3.68536327713377,4.60517018595799,4.60517018588598,4.03182150705629,4.60517018528492,4.60517018594294,2.66367646803644,3.68899831042435,4.60517018582766
"499",1.63305518554516,4.60517018594153,4.605170185128,2.93309946191518,4.605170185525,4.60517018584756,2.81623979043385,4.60517018567234,4.60517018598358,1.68392984067711
"500",2.43949898042783,4.51158478109317,4.14685148730686,4.43665080310159,4.60517018583514,4.60505344841323,4.18242562722747,3.90556117840204,4.60517018596303,3.01724725821012
