"","V1","V2","V3","V4","V5","V6","V7","V8","V9","V10"
"1",4.60517018466105,4.60517018524653,4.60517018596637,1.55332317160882,0.711322903477502,1.11176957578119,4.60517018577607,3.22852892691799,3.23427404823519,2.9328947140752
"2",4.17697384265252,4.60517018590094,4.60517018598214,4.60517017175716,4.60517018195657,3.07269865361852,4.60517018550413,4.60517018380568,3.17516534760743,3.08230659115457
"3",4.60517018579135,4.60517018508767,4.60517018534075,4.60517018591367,4.60517018339631,2.14556101402518,4.6051701850096,2.70576853233896,4.60517018217752,4.60517018535383
"4",4.60517017917361,4.60517018547952,3.73576926856769,4.43403117314987,4.6051701859572,4.605170185959,4.60517018560884,3.1288271776716,4.60517018590868,4.60517018568081
"5",4.60517018563211,4.60517018595264,4.07841164240565,4.60517018594441,4.60517018578909,3.92418619658699,1.98242800034731,4.60517018521613,4.60517018574698,4.60517018568891
"6",4.6051701859065,-0.568055605393184,4.60517018553146,4.60517018542404,4.60517018595948,4.6051701859748,4.09905262206594,3.19955916992997,3.00833741312029,4.60517018588431
"7",4.60517018588757,4.60517018567275,2.31577642185233,4.60517018592581,4.6051701839546,3.92179887498088,4.45793161652968,4.60517018539953,4.60517018554354,4.60517018589083
"8",0.615981760517649,4.60517018394576,4.60517018568052,4.60517018552116,4.60517018561052,4.60517018454727,4.60517018556042,4.60517018592572,4.60517018597321,4.60517018569771
"9",4.6051701854239,4.60517018567765,4.60517018565786,4.60517018539903,4.60517018556413,0.367023128384926,4.39323454393148,4.60517018547582,4.60517018463492,4.60517018588309
"10",4.60517018574316,4.60517018583425,3.91511596817497,3.45465313340277,4.60517018597459,4.60517018286475,4.60517018571728,4.60517018548675,4.60517018576873,4.6051701858806
"11",4.60517018577908,4.6051701856263,2.53523869448787,2.28891056294553,4.60517018521574,3.34848779376344,4.60517018578335,4.60517018590719,4.60517018519458,4.60517018595083
"12",4.60517018587743,4.60517018560721,4.60517018594867,4.60517018576999,1.17205098221513,3.73282063295675,4.60517018584563,4.60517018477149,1.29749090098183,2.92166275615742
"13",4.60517018583105,4.60517018514476,4.60517018483777,4.60517018566415,4.60517018574167,4.6051701854615,3.53771229627559,4.60517018586254,4.60517018549693,4.60517018568322
"14",3.74654798318598,4.60517017886794,4.60517018450738,4.60517017258604,2.87404729916013,4.60517018532477,4.60517018579194,4.60517018598546,1.23536465996585,3.70582564184779
"15",4.04680523418487,4.60517018584186,4.60517018593311,4.60517018345735,4.60517018584618,4.60517018587077,4.60517018466951,4.09180609248603,0.242634215902324,3.89558932506632
"16",1.59841853953884,4.6051701859762,3.68593153173909,4.60517018589973,4.60517018494437,4.60503356674359,4.60517018578413,4.60517018387717,3.52408552697509,2.77659624308282
"17",4.60517018593933,0.749848816917766,4.39438701849078,4.605170185706,2.19165136868793,4.60517018458403,4.60517018558515,4.60517018561224,-0.457411733077226,4.60517018552304
"18",4.60517018541974,4.60517018349241,4.06139700787442,3.72045681853117,4.60517018554577,2.83536457388956,4.60517018591435,4.60517018586007,4.60517018514096,4.60517018586486
"19",4.6051701857143,4.60517018498339,4.60517018442902,3.92088864903078,-1.67257013893748,3.44296082723349,4.60517018541736,4.60517018557467,4.60517018561003,2.92338641528028
"20",4.60517018565752,4.60517018278687,4.60517018564194,1.41323570885658,4.60517018529399,4.60517018579136,4.60517018285276,4.60517018162468,2.7265773562085,4.60517018578286
"21",4.60517018489941,4.60517018593541,4.60517018433874,2.08467429733016,2.78599224441269,4.60517018592559,4.60517018571612,4.60517018553906,4.60517018402028,4.42924702839542
"22",4.34764461593014,4.60517018557109,4.08525338586948,1.45358345027587,4.60517018596664,4.60517018580754,4.60517018254408,4.60517018546341,4.60517018526171,4.52496396544495
"23",4.60517018547354,4.12337041431696,3.37504592988387,3.24948242475548,4.60517018530409,2.88858062686262,4.60517018592588,4.60517018543712,4.34343465282397,4.50982018227541
"24",4.60517018591145,4.60517018570197,4.6051701857839,4.6051701850601,4.60517018596766,4.60517018375439,4.60383868617799,4.60517016037305,4.60517018356135,4.60517018476929
"25",4.60517018556135,4.60517018595146,4.60517018320845,4.34435510545281,4.60517015608557,4.60517018261605,4.60517018324786,2.47119848611744,3.52148280669734,4.60517018597078
"26",3.48225274830163,4.60517018586559,4.60517018136195,4.60517018592664,4.60517018560489,4.60517018557347,4.60517018370051,4.60517018443774,2.58730312590054,4.60517018533143
"27",4.60517018585912,3.5005218105396,4.60517018307088,4.60517018387714,4.60517018535199,3.78509120952294,4.60517015150172,4.47605528928104,4.60517018511895,4.60517018250682
"28",4.29887328890168,4.60516989004476,4.60517018487108,4.60517018598214,3.50903042712875,4.60517018447918,4.10140085117438,2.35790654099343,1.42776264604342,4.06147909138854
"29",4.60517018582192,4.60517012399175,3.31702055824064,4.6051701856784,4.60517018598432,4.60517016676134,2.7905396966969,4.60517018535526,4.60516993337747,4.60517018575666
"30",3.49625338692674,3.34243654570481,4.44928087740369,4.60517018548818,4.60517018595699,4.35111871723483,4.60517017338486,4.60517018211985,4.60517018591014,4.60517018394485
"31",4.60517018559721,2.79967706645198,2.74371861062991,2.03125629341497,4.60517018453322,4.6051701858942,4.31149004569091,2.83277217168578,4.60517018594337,2.4591752060248
"32",4.33681390777593,4.60517018540362,4.60517018533848,4.60517018478749,3.94679933097525,4.60517018410986,4.60517018560781,4.60517018585979,4.60517018559491,3.18295124928058
"33",4.60517018448184,3.53536224373958,4.03078710404746,2.5218413867999,4.60517018589834,-1.73533838000277,4.13600776862806,4.60517017842774,4.60517018589623,4.60517018425782
"34",4.60517018583786,4.60517018561146,4.6051701859876,4.60517018577928,4.35803591460817,3.07226525584011,4.60517018564421,4.60517018565318,4.60517018592196,4.60517017638909
"35",4.60517018590865,4.32515629499702,2.86763534776795,4.60517018578428,4.60517018533899,4.6051701856246,4.60517018587471,4.19726739776977,4.60517018590171,4.6051701847469
"36",4.6051701855703,4.60517018590107,4.60517018396172,4.60517017853622,4.60517018587267,4.60517018347271,4.60517018559609,4.31889882600895,4.60517018528289,4.60517018590818
"37",3.11064476570365,-0.958841427476276,4.60517018579637,4.60517018581963,4.60517018594593,4.60517018380598,2.56395934442481,4.60517018493701,4.53596238070324,4.6051701857886
"38",4.60517018580222,4.60517018553639,3.143874785923,3.24521068010549,4.60517018118581,4.60517018598662,4.60517017045994,4.60517018512916,4.60517018462428,4.60517018583694
"39",-1.02806770870009,4.60517018569963,4.60517018437502,4.59037008624707,4.60517018592701,4.60517018561575,-5.87576057675578,3.82206231488419,4.60517018539453,3.62720941104035
"40",4.60517018585864,4.60517018553627,4.42896088203183,4.60517018582942,4.60517018560484,4.60517018553546,4.60517018588155,4.60517018593762,2.35864968983586,4.60517018337317
"41",4.60517018585951,2.84035182294643,4.6051701858298,4.60517018567995,4.60517018394062,4.60517018548752,4.60517016209128,0.129172109744608,4.60517018580655,4.6051701854331
"42",4.60517018194571,4.60517018530513,4.605170185772,4.60517018558492,4.6051701859393,4.40948668022587,2.54335852333065,2.04529739641366,4.6051701839962,4.60517018520618
"43",0.179059657417728,4.60517018570392,4.60517018590191,4.60517018593245,4.60517018505749,4.26411856064065,4.60517018583407,0.737858372875785,4.60517018353167,4.60517018554215
"44",4.60517018508396,4.50512632225001,0.895207269379632,3.58421707778774,4.60517018591885,3.59027651685489,4.60517018346211,4.60517018559197,0.136635925511826,4.11012134556848
"45",4.60517018543028,4.5173471013148,2.71814849680005,4.60517018596411,4.60517018251593,1.62620123298491,4.60517018549887,0.944783663804934,4.60517018350599,4.60517018539772
"46",4.60517018584112,4.60517018527178,4.60517018590053,3.50579870677805,4.60517018480642,4.60517018587025,4.377270834483,4.6051701858257,4.60517018568516,1.88529217839264
"47",4.60517018581498,4.60517018583186,4.60517018287629,4.6051701856124,4.60517018557651,4.35433554393853,-0.538215444175094,1.9346035420573,4.60517018582157,4.60517018366227
"48",4.60517018154638,3.0529520286976,4.60517018595462,1.58554633507414,4.6051701859563,2.74369389927836,0.137075107431176,2.00900296698013,4.60517014870231,4.60517018595122
"49",4.60517018561215,4.60517018393124,4.10799299488496,4.60517018109159,4.60517018556208,4.60517018352152,4.60517018406059,2.78818458389608,4.60517018597809,4.60517018390001
"50",4.60517018459379,4.60517018545537,4.60517018525194,3.01165461064508,4.60517018564527,4.60517018570075,4.60516986353909,4.60517018591989,1.91862908576552,4.60517018497395
"51",4.09720857657958,1.56923407254919,4.60517018576204,4.29818223846717,4.56091022877804,4.20396302282957,4.31986371084576,3.672835285654,4.6051701853963,4.60517018580236
"52",4.60517018348192,4.60517018585636,4.40864000547968,4.60517018545475,4.60517018499579,4.60517018594267,4.60517018421782,4.60517018593065,4.00828591450816,4.60517018358889
"53",4.27991854058622,0.313159274479879,4.60517018594916,4.60517018551607,4.60517018588281,4.60517018580784,4.60517018242911,4.60517018591733,4.60517018588817,4.60517018590586
"54",4.60517018543941,3.18277155126965,2.45741028353943,4.60517018551977,4.60517018444214,4.6051701857847,3.44374338398061,3.04002213360855,3.57705185668581,2.60255211294153
"55",4.60517018571828,3.94019889123113,4.60517018451387,4.60517018552567,4.60517018591343,4.60517018545349,3.04334274852049,4.60517018592957,3.95828664569451,2.02571554313392
"56",4.60517018582079,4.60517018533687,4.60517018568996,4.60517018582747,2.03173011770757,4.60517018553075,2.76346196308189,4.60517016491582,4.60517018584603,4.60517018563088
"57",4.60517018375238,4.60517018537396,4.60517018459257,2.87424207088554,4.44267554033166,3.47259312972678,4.60517018094625,2.60418773946037,4.60517018532805,4.60517018394969
"58",4.60517018478478,4.6051701858735,2.16452079844854,3.76328010357883,4.60517018592654,4.60517018302364,2.66182125969808,3.757743329673,4.60517018550714,2.95609035137208
"59",4.60517014880738,4.60517018583436,4.5083826545486,4.60517018553761,1.04627538845114,4.60517018592342,4.60517018580664,4.6051701852452,4.60517018560188,4.52374423167513
"60",4.60517018292916,4.60517018582725,4.60517018595519,4.60517018592827,4.60517018591437,4.60517018591077,4.60517018583514,2.41664372872283,4.60517018594499,4.60517018565226
"61",4.31373341379538,4.60517018582259,3.92155027469672,4.60517018423389,2.7189485653049,4.60517018554872,4.60517018565669,4.60517018593846,4.60517018410112,4.60517018595367
"62",4.60517018549762,4.60517018576687,4.60517018593517,4.6051701855439,4.60517018592573,4.60517018592224,4.60517018503665,4.11911298220704,4.58599280270605,4.44078915163156
"63",4.60517018579559,4.6051701847042,4.60516996718625,4.60517018425578,4.60517018246286,4.60517018582483,4.60517018598787,4.60517018480618,3.63956270656658,4.31031517849644
"64",3.01545647225083,4.6051701797402,3.59837185224255,1.68211191633706,-1.27033496123956,4.60517014135695,3.5689647677392,4.60517018569249,4.60517018577112,4.60517018572362
"65",4.60517018591642,3.15768717789053,2.28952716932901,4.60517018593475,4.6051701859588,3.1044738513494,4.60517018424121,3.45016412808808,3.55477028513288,4.60517018343224
"66",3.86811990867088,4.60517018566997,0.99790953278346,4.60517018581393,4.60517018550547,4.60517018571834,3.9877365219812,4.60517017682158,3.5779476060653,4.60517018542983
"67",3.38488264516852,4.60517018442805,4.6051701856135,2.8395347345235,4.60517018585135,2.58401878295324,4.60517018481347,4.46271144389798,4.60517018573361,4.60517018568093
"68",4.60517018541908,4.60517018526926,4.60517017524026,4.60517018583347,4.60517018262134,4.07682935698837,4.32878266774463,1.13183503503377,0.588576041365407,4.60517018564462
"69",4.60517018592819,4.60517018575308,3.8274038616241,4.60517018542779,3.15600331989815,4.60517018596096,4.60517018476989,4.60517018590865,4.60517018581236,4.60517018542946
"70",4.60517018315196,3.06449360543348,4.60517018538278,4.6051701857117,4.60517018589093,4.60517018561011,4.60517017716072,4.60517018594084,4.60517018588086,3.27677376248882
"71",2.62294728370295,4.60517018486687,3.57180458844968,4.60517018595286,2.58699131404122,4.60517018535404,4.60517018595845,4.60517018541577,4.60517018565442,4.60517016686486
"72",1.23813896955045,4.56561854747434,4.60517018462377,4.60517018587999,4.60517018533437,3.88051963501662,4.6051701851173,1.28835288002604,4.60517018582997,0.793415238264309
"73",4.60517018594997,4.44887604672505,3.26139471741082,4.60517018299556,4.60517018592688,4.60517018536567,4.60517018575884,4.60517018569664,4.60517018519589,3.77219249294215
"74",4.60517018587361,4.60517018584379,0.402770586537027,4.60517018578403,4.13934914079164,4.60517018558362,2.04219458298154,4.60517018502553,3.16293152412548,4.6051701847061
"75",4.21123942340775,3.94440745299863,4.60517018527856,4.60517018595727,2.91537105540529,4.60517017998848,4.60517018595485,2.35159086760851,4.60517015230147,4.6051701859645
"76",4.60517018500239,3.30942180554936,3.02862380209665,4.60517018476281,4.60517018572792,2.61530750283363,4.60517018580037,2.89275036356878,3.25028831565773,4.6051701859462
"77",4.42027668834274,4.60517018597348,3.68412790418286,4.6051701856794,4.60517017843485,4.60517018594555,4.60517018549502,4.60517018531306,1.12396759824826,4.60517018593607
"78",-0.595632612061536,4.55515055539997,4.60517018508694,3.28201496980648,4.6051701857465,4.60517018347557,4.60517018588662,4.60517018597913,4.60517018584989,2.50683751826451
"79",4.60517018589072,4.60517018589135,4.60517018240931,2.77234684039935,4.6051701855767,4.60517018557842,4.60517018561049,3.57173362994356,4.60517018532488,3.45555520687626
"80",4.605170185894,4.6051701859018,4.60517018574092,4.48386107890573,4.60517018595785,4.60517018529476,-1.13866680045533,4.60517017508609,4.15499208941444,3.33656236088043
"81",2.09252297014648,2.96086088938157,2.15374830609936,2.91553945684611,4.60517018594732,4.60517018409161,4.60517018597343,4.60517018473223,4.605170185699,4.60517018564048
"82",4.60517018592812,3.41555840551662,4.60517018316326,2.49434768923888,2.41503373435343,3.44271191868602,4.60517018572661,-0.221176240684603,4.60517018568025,4.27225881582985
"83",4.60517018591421,2.99747539285449,4.6051701855698,4.60517018053005,0.49655631799618,1.18627055325047,4.60517018590109,4.60517018596605,4.60517018553106,4.22619099876362
"84",4.60517018569342,4.60517018576495,4.60517018556449,4.60517018594329,4.60517018597064,4.60517018589091,4.21862232203024,4.17790151524493,1.76297870905086,4.6051701854965
"85",3.63130519493284,4.52817412335783,4.60517018598296,0.776579122272906,1.46780418803454,4.60517018598457,4.60517018528342,4.60517018557105,4.6051701858542,4.60517018390881
"86",3.57669318725429,4.60517018584416,4.60517018592321,2.19628727508669,4.6051701850016,4.6051701711472,4.60517018455275,4.60517018512744,3.22279441984802,4.60517018580784
"87",4.55958857475994,4.60517018597022,-0.426015959017377,4.60517018563394,4.60517018588946,4.37367090010731,4.60517018548687,4.41971705074269,3.35851406887001,4.23086287224223
"88",4.01419664260611,4.21072924737079,4.60517018598419,4.60517018531036,3.96167242721626,4.60517018538702,4.60517018586552,4.6051701857067,4.60517018593905,4.60517018437244
"89",4.60517018545016,4.60517018456138,4.60517018590949,4.60517018551164,4.60517018586477,4.6051701856513,4.60517018583999,4.60517017754767,2.91217674365693,4.11247998337095
"90",4.56428768794137,4.07985468421233,2.67770965719595,4.04268482975348,4.60517017624962,4.60517018592704,4.6051701856418,4.60517018272891,4.60517018597878,4.60517018564471
"91",4.3442046414045,4.60517018591717,4.60517018520863,4.60517018549341,4.60517018587949,4.60517018583249,4.60517011121891,4.47690091573781,4.45932823818762,4.60517018569656
"92",4.60517018562964,4.60517018307504,4.60517018504155,4.42433308155148,3.73434695960449,4.60517018582777,3.08757086767937,4.60517018570877,4.60517018589975,4.60517018443907
"93",3.16951627001917,4.60517018589258,4.6051701859793,4.60517018566054,4.60517018581684,4.60517018564153,4.18953751897859,2.94394803266157,2.96639478333516,4.60517018587123
"94",4.60517018534566,4.60517018539731,4.60517018566821,4.50025702905717,4.6051701848298,4.60517017856115,4.60517018592162,2.32263931313946,4.12250946860375,4.28674713532035
"95",4.60517018592834,4.60517018592325,0.967449243098777,3.7586541042594,4.60517008615384,4.60517018577159,3.98626131707737,2.94819364559024,2.53226123911066,4.60517018214551
"96",4.60517018597031,4.60517018546386,4.60517018565592,4.6051701856981,4.60517018560532,4.60517018319245,4.60517018590666,3.15490724956504,4.60517018528421,4.6051701839111
"97",1.95304372764018,4.60517018495094,4.60517018543094,4.6051701852758,4.60517018562975,4.6051701859292,4.59362598575241,4.60517018496001,1.88479128071248,4.6051701844258
"98",4.60517018562,3.32108920961794,3.02139337443901,3.94087138592953,4.60517018538194,2.76090742912102,4.60517018590108,4.605170185745,4.60517018575155,4.20271498950674
"99",3.52738239188626,2.6497956712854,4.60517018594032,2.90288573692554,-0.409760320149083,4.60517018531578,4.60517018558977,4.60517018504311,4.60517018584235,4.60517018477811
"100",4.60517018546681,4.60517018592861,4.60517018544682,4.60517018505701,4.60517018570627,4.60517018575183,3.17285862526879,4.60517018595433,4.60517018587915,4.60517018214992
"101",1.83323604617269,4.60517018580686,4.6051701859824,4.60517018365233,4.36943858968005,4.3191700331521,0.996611382979882,2.19786553035093,4.6051701859671,4.60517018595676
"102",4.24467043459537,3.1865486753523,4.6051701855632,3.95840025102638,4.60517018576014,3.38702467059868,4.59152603135247,4.60517018590413,2.77929002685165,4.25581870854407
"103",4.6051701840776,4.10454094824259,4.60517018575629,-0.128642378833892,4.60517018495357,4.60517018368853,4.60500657955247,4.60517018591203,2.62802698098347,4.60517018589793
"104",4.60517018593958,4.6051701857747,4.41840114827315,4.60517018114992,4.60517018538899,4.60517018569139,4.60517018441369,4.60517018566945,4.60517018363029,2.62850379842503
"105",4.60517018594497,1.24450864117406,1.45657634927083,4.60517018552349,4.6051701856542,4.30862557318697,4.60517018533875,4.60517018594623,4.60517018487613,4.60517018593881
"106",4.60517018345765,4.60517018446974,3.65866067063507,4.27659270383207,4.60517018591954,2.50608141966265,1.43457370434332,4.6051701843588,4.60517018475344,4.60517018552242
"107",4.60517018540396,1.73323069787551,3.68180929140043,-0.927276426397704,1.77819130816407,4.60517018496203,4.60517018598758,4.60517018555572,4.6051701854998,2.47015005073626
"108",4.60517018527312,4.60517018598193,4.14881391068786,4.31688143865019,4.60517018588694,4.60517018326318,4.60517018555515,4.60517017338161,4.6051701845459,3.9378281474204
"109",4.20190095530591,2.23788311154892,3.08653434413701,4.60517018594265,4.35550298665542,4.60517018549005,4.60517018564583,1.52495426993543,4.60517018579372,4.60517018519462
"110",4.60517018491633,2.67674347093578,4.60517018589801,4.6051701858327,4.60517018567973,4.26084289245524,4.60517018565354,4.60517018571829,4.60517018583698,4.60517018470311
"111",-3.68778047400705,4.6051701854696,2.03653601300422,4.56071336984976,4.6051701842814,4.60517018420727,4.60517018258936,4.60517018572647,4.60517018568106,4.60517018459855
"112",4.60517018568578,4.49171593521597,4.60517018544559,4.60517018530608,4.60517018578931,4.13091654687323,4.6051701859196,4.60517018587311,4.60517018532559,4.60517018013127
"113",1.93946180203029,4.60517018555883,4.60517018474804,4.60517018555449,4.60517018539821,4.60517018591639,4.1504904282647,4.20689403462251,4.60517018565532,4.60517018360652
"114",3.67923719011927,2.99253818927589,2.49379262451464,4.60517018596524,3.93329463549927,4.43787581223946,1.86453076000924,4.60517018598073,4.60517018547537,4.60517018547457
"115",2.37407728774116,2.32089106983387,4.60517018594217,3.06772057314171,4.60517018596403,4.60517015220938,2.55408124744068,4.60517018537759,4.60517018529492,4.60517018573987
"116",4.60517018421093,4.60517016815082,2.71422023663473,4.60517018574876,4.34817903605856,3.19541474963509,4.60517018589269,1.94065851950613,3.52482982091755,3.95581993871379
"117",4.6051701855387,4.60517018569315,4.60517018598299,4.60517018373438,0.843145016248229,1.22958785986883,4.19013444665924,4.60517018569017,1.04401346847876,4.60517018559679
"118",4.60517018580058,4.60517018569153,4.60517018595627,1.13623459054905,4.48176477713677,4.60517018579127,4.60517018583701,4.60517018579383,2.97170100773372,4.60517018361384
"119",4.60517018534028,3.50600271933283,4.605170185761,4.60517018474332,4.605170185968,4.38459852743693,4.60517018590271,4.60517018485917,4.60517009564946,2.59893723116539
"120",4.33274096506631,3.97141291825172,4.60517018569716,3.12032109744043,4.60517018582737,4.6051701857592,4.60517018581235,4.6051701856278,4.60517018544563,4.6051701859706
"121",4.6051701795635,4.6051701847734,3.95843329917606,4.60517018594307,4.60517018583305,4.60517018454474,4.60517018523668,3.92217093843496,4.60517018552333,4.60517018550183
"122",4.60517018587858,1.9305567036137,4.6051701858265,3.38032066066162,4.60517018570231,4.51180874281241,4.60517018521593,4.60517018585789,4.60517018536906,4.6051701717412
"123",4.6051701859578,4.60517018589718,4.60517018554462,4.60517018584897,4.60517018376379,4.60517018433149,3.53975899919397,3.60632122978303,4.60517018518016,3.48707995854494
"124",4.60517018567145,4.32558477217565,4.60517018431788,4.60517018543595,4.605170185358,4.6051701855595,4.23019230623756,2.48155486539299,4.60517018550938,4.60517018580315
"125",4.60517018583342,4.60517018437535,4.60517018581627,1.43659976104461,4.60517018588928,4.60517018564504,4.6051701849609,2.88853438382874,4.60517018557539,4.60517018566844
"126",4.60517018574103,4.58141989270995,4.60517018532509,4.60517018597513,4.60517018549865,4.6051701847311,2.72727629665862,4.60517018528077,2.53836259202869,4.60517018598388
"127",4.60517018471946,4.605170185683,2.98442530536223,4.60504523106801,4.60517018570067,4.60517018592232,4.40124640904548,4.60517018558915,4.60517018458253,4.6051701853395
"128",4.60517017272706,4.60517018389424,2.27020039106312,4.60517018337042,4.20515193549617,4.60517018589846,4.60517018596961,4.60517018595875,3.86224780269001,4.60517018568771
"129",4.46045971445515,4.6051701858737,1.73765732003331,1.50268855606095,4.60517018589889,1.98849822841195,4.60517018425876,4.60517018597405,4.6051701859369,3.01843236323003
"130",4.60517018384502,4.60517018556972,4.60517018590888,4.60517018571996,1.99227036171334,1.95379633263889,4.60517018562182,4.60517018589993,4.60517018535769,4.6051701795075
"131",4.60517018525402,3.10235686368615,4.60517018563133,4.08003714462592,4.60517018577979,3.91086481546181,4.60517018492315,2.8693554449092,4.60517018543722,3.78805279658541
"132",4.60517018587154,4.60517017838826,4.48511791040432,4.6051701855332,4.60517018367898,4.60517018574302,0.71477060437902,4.6051701858442,4.15576540276733,4.60517018529683
"133",4.60517018585026,4.16726222412247,2.81680626880187,4.60517018525899,3.18379239820657,4.44201128564489,4.60517018593753,4.60517018598701,4.60517018466071,4.60517018585629
"134",4.60517018594018,4.60517018392047,4.6051701858626,4.60517018537504,3.1147029316084,4.60517018598306,4.45131208949641,4.6051701854153,4.60517018586329,4.55477272453412
"135",4.60517018554387,2.62309662069719,4.60517018587348,4.60517018588859,4.6051701854599,4.08649806459817,4.60517017505672,3.88066224850349,4.60517018324012,4.60517018459062
"136",4.60517018588888,4.43830828272162,4.513631448147,2.74525430125953,4.60517018597636,4.30335965740534,4.60517018522627,4.60517018592066,4.60517018545008,4.60517018336934
"137",4.5865284506575,2.1722060147879,3.20612291320986,3.15122557662654,4.42547788172009,4.60517018499583,4.60517018558408,4.60517018595908,4.6051701859507,4.60517018572995
"138",2.99393920434196,4.60517018568989,0.899832391610936,3.92219206633503,4.60517018598252,4.60517018579177,4.60517018598533,4.60517018578204,4.20725946314377,3.63088130791471
"139",4.60517018560516,4.60517018553296,4.58819934260076,3.2959178491732,4.60517018568302,4.6051701859603,3.95974893976322,4.6051701850919,4.37681071959736,4.60517018595159
"140",4.60517018560401,4.60517018587409,4.60517018588672,4.60517018569095,2.70416223524763,4.60517018564773,4.60517018593567,4.48762441371547,-3.88964751120573,4.60517018583103
"141",4.60517018531161,4.60517018414482,4.60517018560786,4.60517018405021,4.60517018577786,4.60517011946854,1.7424365849413,4.6051701857979,4.60517018583861,4.605170185948
"142",4.37339369866444,4.60517018563119,1.28212186655231,4.60517018572762,4.60517018581641,4.6051701859753,4.60517018508424,2.6611113214763,4.53019186009885,4.60517018478349
"143",3.29407089270729,4.60517018574822,3.14986524605774,4.6051701856433,4.6051701838447,2.23001671141089,4.6051701857097,4.6051701858707,4.60517018584426,2.41147183490049
"144",3.87150194211589,4.60517018594942,4.60517018559454,4.60517018529696,1.82640352223705,4.60517018221929,4.60517018554226,3.905067576579,4.60517018598274,3.13893419535302
"145",4.60517018594787,4.60517018580865,4.6051701838142,3.97577598438575,4.60517018269394,4.6051701858882,4.60517018597462,4.60517018555393,2.24868464565176,4.15185843104012
"146",4.60517018590878,4.48190807280203,1.74917185148269,-0.130488829733565,3.04640560691428,4.60517018572514,4.60517018546666,4.58646597389242,4.60517018581332,4.60517018543236
"147",3.32904154989705,4.60517018529254,4.60517017168046,4.60517018359117,2.76509620198198,4.60517018592781,3.02789680967559,4.60517018561039,4.60517018458405,4.60517018593413
"148",4.60517018509225,3.06005695972287,3.70705707982882,3.68250408780688,4.60517018532363,4.45316076093348,4.6051701859053,4.56679526351789,3.24268315018343,4.60517018554988
"149",4.60517017252742,4.60517018462551,4.60517018561025,4.60517018582202,3.68494842144259,3.87652680323841,2.45034650944827,4.60517018585963,1.8932068201457,4.60517018435258
"150",4.60517018572622,4.60517018596737,4.60517018564229,4.60517018551605,2.06645063558097,4.60517018564467,4.6051701413294,2.3810475407415,4.60517018223537,3.73916536739441
"151",4.60517018592977,3.46264432032433,4.6051701855323,4.60517005643398,4.60517018568835,4.60517018577109,4.60517018591418,4.60517018587279,4.60517018558762,4.60517018487993
"152",4.6051701823782,3.99936064698372,4.60517018569117,1.58358146102821,2.1628238249201,4.60517018383964,4.60517018598019,4.60517018588613,4.60517018589669,4.60517018597918
"153",3.36201569614275,4.6051701854715,4.60517018517742,4.20122473080578,4.60517018350911,4.60517018589569,4.60517018577896,4.60517018582864,3.58838221448244,4.60517018597223
"154",4.45947376656634,2.69004965203504,4.60517018524764,4.10666579025233,4.6051701859622,4.60517018518375,4.60517018571731,4.51196725630699,4.60517018588504,4.55368750315171
"155",4.6051701858341,4.60517018560185,4.60517018260455,4.48843257466311,4.60517018374019,4.605170185647,4.06041568116036,0.46003437838322,4.60517018572224,4.60517018546264
"156",4.60517018588354,4.60517018596678,4.60517018593277,4.60517018559257,2.43649188668896,4.60517018580978,4.60517012095952,4.6051701849598,0.973558947522594,4.60517018591898
"157",4.60517018525162,-1.08173167422093,4.60517018547637,4.60517018534306,3.78871422779056,3.52864606925886,4.60517018584424,4.60517018451985,4.60517018502311,3.555033328641
"158",4.6051701853501,2.76327293907023,3.13695247558978,3.9487986635986,4.60517018332751,4.60517018288395,4.60517018512905,4.60517018568396,4.37025548095583,4.60517018574777
"159",4.60517016400657,4.6051701857892,4.30128295403768,4.60517018477141,4.60517018578108,4.60517018348784,4.6051701859792,4.60517018551854,4.60517018586453,1.05724540923801
"160",3.35089797951538,4.31154855962559,4.60517018560928,4.60517018559739,4.60517018531239,4.60517018567828,4.60517018219366,4.60517018485019,3.37543815409277,4.13330045078003
"161",3.74975091628558,2.36729837201397,4.21409027856347,4.60517018567175,4.60517018507373,4.60517018576882,2.12427640686894,3.41800330738469,3.98467806676511,4.6051701851736
"162",3.72057446995034,4.60517018593517,4.60517018442665,4.60517006497543,4.60517018595468,4.40095902255631,4.60517018591342,4.60517018124565,3.74718188187605,4.60517018594558
"163",4.60517018592591,4.60517018459697,4.60517018511625,4.60517018574967,3.41203812830122,3.41972503337163,4.5747244668409,4.60517018582189,4.60517018582067,4.60517018303377
"164",4.60517018591329,4.60517018576773,4.60517018461186,4.60517017726837,2.96776006901993,4.60517018576041,4.60517018529204,2.59054227127121,4.60517018588621,3.15953423685631
"165",4.60517018532749,4.6051701856118,4.60517018585413,4.43829774890543,4.60517018597715,0.587360282203079,4.60517018490451,4.12427578223695,4.60517018590517,3.79108908349997
"166",4.60517018458728,4.60517018584373,4.60517018589429,-0.199701757208139,4.60517018586082,4.60517018573507,4.60517012354578,0.456451017898512,4.60517018573728,3.65002388552619
"167",4.60517018479933,4.60517018591116,3.60081963248424,4.60517018304239,4.60517018594987,4.60517018593693,4.60517018557002,4.60517018545781,4.60517018576208,4.60517018316686
"168",4.60517018377673,4.60517018530618,4.6051701858345,4.60517018597944,2.69899822251613,3.72020751958651,2.76527605126963,4.60517018371628,4.6051701843274,1.6658462430855
"169",4.60517018568997,4.60517018278649,4.60517018508202,4.60517018465404,3.83947112479512,4.19208679011842,4.60517017913163,2.80055400098587,3.03227736108236,1.68776523231259
"170",3.37859441813756,4.60517018569305,4.605170185643,4.60517018550789,4.60517018388829,4.6051701856336,4.60517018490173,4.60517018479462,2.38194458870203,4.60517018575345
"171",4.6051701859097,3.01730259414626,3.81746909234538,4.60517018373679,4.60517018592695,1.80977799910069,4.37436970791654,3.2376158484982,4.60517018541892,4.60517014394629
"172",4.60517018586562,4.60517010676905,4.60517018593687,4.60517018422215,4.03452901843561,4.60517018596434,2.89644810531454,4.60517018492267,4.60517018570938,4.01367343377696
"173",4.47282202400663,4.60517018320915,4.60517018526743,1.4974767587106,3.7670807616542,4.6051701848835,4.60517018579703,4.38905110210793,4.60517018555185,4.60517018574447
"174",3.66973352135425,4.60517018533943,4.6051701859773,4.60517018579613,2.25356992256382,4.60517018593549,3.04499094719028,4.52470193608069,4.60517017110443,4.60517018588946
"175",4.60517018593788,2.05805919083136,4.60517018587099,3.99380670226033,4.60517018550268,4.60517018509419,4.60517018571068,4.60517017759204,4.60517018505998,3.46837259061643
"176",4.05190026541138,4.60517018534948,3.10795049404138,2.05676191915858,4.60517018563645,3.45246121941573,4.60517018551462,4.41008132984454,4.60517018427903,4.11291066219852
"177",4.60517018357828,4.60517018428119,0.900627166025391,4.60517018591877,4.60517018576411,4.60517018547768,4.60517018559364,2.53021353639596,4.39012932333604,4.60517018541148
"178",4.60517018137437,2.97892983394812,4.60517018593734,3.95630200675781,4.60517018593102,4.60517018592588,1.45462280634371,4.31815708942091,4.40650095409319,4.3885619930659
"179",4.60517018579206,4.60517018439817,4.6051701859462,4.60517018545193,4.60517018566885,2.93431429841072,4.1517605110435,4.60517018581183,4.60517018368717,4.60517018072218
"180",4.60517018592161,4.60517018595165,4.58067904904832,4.60517018453265,4.04310927796514,4.60517018495904,4.60517018590451,4.60517018514645,3.59510827004675,4.60517018591041
"181",4.60517018467873,4.6051701843375,4.60517018597569,4.10354534396167,4.60517018560708,4.60517018322712,4.60517018591402,3.31635729274171,4.60517018598602,4.60517018553458
"182",4.60517018578779,4.60517017414437,4.60517018573288,4.31070798234593,4.60517018590273,4.60517018090762,4.60517018426588,0.94257118889055,0.796953658385714,4.60517018530704
"183",3.92676383458051,2.71122746580711,4.60517018557727,4.55180236927779,4.60517018440589,4.60517018539265,4.60517018594109,3.95928858101264,3.65813210847755,4.60517018562459
"184",4.6051701859732,4.6051701857048,3.03377943303782,4.60517018592434,4.60517018164883,4.60517018572476,4.60517018594567,4.60517018587485,4.32042291397452,4.60517018431175
"185",4.60517018576259,4.60517018598403,4.60517018509413,0.704058987022833,4.60517018574551,-0.570546535302636,4.20683585314308,4.6051701852334,1.71488066908996,4.60517018589163
"186",4.60517018573017,4.10982536427729,4.60517018546535,4.60517014112381,4.60517018596011,4.60517018597225,4.60517018565496,4.33895446813225,4.60517018468244,4.1466947311067
"187",4.60517018548295,4.60517018594771,4.60517018582031,4.605170185552,1.38837639714774,4.6051701857647,4.60517018480195,4.22795632713703,4.60517018521373,4.60517017409685
"188",4.60517018534765,4.35724099372839,4.60517017810538,2.26744294139881,4.60517018502338,4.605170185948,4.60517018491105,4.60517018511419,4.60517018596687,4.60517017549487
"189",-1.45527529462998,4.60517018577062,4.60517018460779,4.60517018088601,4.60517018573215,4.60517018586068,4.60517018462544,2.99793649620154,4.60517018504021,4.60517018443186
"190",4.60517014708002,4.6051701856312,4.6051701844001,4.60517018369162,4.60517018365848,4.60517018512673,4.60517018399928,4.60517018579465,4.60517018575521,4.60517018515839
"191",4.60517018594982,4.60517018368972,1.81312918913836,4.06039548988929,1.21900329031249,4.60517018595742,4.6051701827552,3.62802520705037,4.60517018597923,4.60517017269272
"192",4.26027587178893,2.19728913496011,4.60517018592861,4.60517018582481,4.60517018543509,3.91144226140216,4.605170185264,4.11501942431779,4.60517018565439,2.25508001035485
"193",4.60517017086109,4.60517018570272,4.60517015644953,4.36985050259644,4.60517018595531,4.60517018594658,4.4351672865005,4.60517018566842,3.93372570586108,4.6051701849911
"194",4.60517018538307,4.6051701857342,4.60517018524527,2.69566588671808,4.60517018239254,4.60517018592002,3.52707378691393,2.49177610088682,4.60517018596519,4.60517018561403
"195",4.60517018104767,4.60517018590258,4.60517018571673,4.60517018486188,4.60517018590927,4.60517018589088,3.72224989801535,4.60517018594798,3.73473647506908,4.60517018374783
"196",4.60517018566247,2.21442917175318,4.60517018553322,3.38896818540076,4.60517018591787,4.27176055909398,4.60517018594592,4.60517018574463,4.60517018571453,4.60517018591408
"197",4.60517018500783,4.60517018587351,3.72186803113224,4.60517018575702,4.60517018590179,4.60517018597515,4.09459214809153,4.47659046733539,4.60517018178451,-0.0211364692588205
"198",2.85546764898741,3.27066281591241,4.60517018557046,4.60517018563352,4.07592928592072,4.60517018589947,4.60517018533597,4.60517018168316,4.60517018580095,4.58230359210482
"199",4.60517017444025,2.4447378110605,2.83318524986869,4.60517018344908,4.6051701848987,3.78007420595053,4.60517018530987,2.60033984530958,2.89828237745814,2.08742146904724
"200",4.60517018578848,4.60517018570444,4.60517018579406,4.60517018523394,2.90838321811108,4.60517018528084,4.6051701856732,4.60517018192487,3.9666535017881,4.6051701858764
"201",4.60517018541853,0.553347332461396,4.12188401570248,4.60517018559857,0.381578874824786,4.60517018590785,4.52193899499825,4.60517018481112,4.60517018490885,4.60517018507631
"202",4.60517018558444,2.4693301421573,4.28012411353603,4.60517018580774,4.60517018588452,4.60517018368244,3.60628877029371,2.06842823273007,3.80952227272692,2.44764906687796
"203",3.37266300916652,4.60517018578619,4.60517018380825,2.04548396142609,4.60517018585264,4.60517018497308,3.9751190959219,4.60517018541724,4.60517018584224,3.19866532502261
"204",3.8909021109152,3.53502067799014,4.60517018394621,3.7355632107755,3.73971554998787,4.60517018576967,4.32676212238017,3.8628874477396,4.6051701846102,4.60517018251986
"205",4.60517018177821,4.60517018588995,4.60517018593472,4.60517018589043,4.60517018592752,4.60517018595762,4.60517018593596,4.60517018592193,4.60517018517847,4.60517018567624
"206",4.6051701859639,4.60517018589993,1.01550827642096,4.60517018407599,4.60517018524568,4.6051701854934,4.60517018562151,4.60517018539091,4.60517018570668,4.438522080036
"207",4.18367333341914,4.60517018450719,4.60517018291358,3.45630500634665,4.60517018577698,4.60517018549886,4.60517018596777,4.60517018331004,4.60517018540858,4.60517018596506
"208",3.40615919056367,4.60517018574068,2.77886832069188,1.50473613492165,4.60517018556182,4.60517017350024,4.60517018567548,4.60517018442869,2.34759983445008,4.6051701852377
"209",4.6051701834126,4.35706100144436,4.60517018492719,3.94302498999885,4.60517018416441,4.54396711201979,4.42578195732571,4.6051701842007,4.60517018593441,4.60517018594976
"210",4.60517018390094,4.60517018406251,4.60517018514096,3.49498083502713,4.60517018574315,4.40330201733,4.60517018540201,4.60517018307601,4.60517018547201,4.60517018414691
"211",4.60517018577614,4.60517018442275,4.60517018582964,4.6051701855183,4.60517018593879,2.37921242048946,4.60517018596637,4.60517018589874,4.60517018568829,4.60517018593774
"212",4.60517018545859,4.60517018586847,4.60517018559481,4.60517018420641,4.60517018595884,4.60517018572236,4.3251540354956,1.10614675942139,2.06345740296616,4.60517018596111
"213",4.60517018587866,4.41963792331926,4.60517018591557,4.60517018593912,2.94565242622834,4.30591547440032,4.60517018520959,4.6051701855689,4.60517018420683,1.89499820312571
"214",4.60517018564378,3.58434740541583,2.66808317238054,3.55441865908612,4.60517018548367,3.32614083990563,0.691690862100408,1.85921513803105,3.37442436609737,4.58136869240108
"215",4.40896973825203,4.58674340081869,3.8406306607178,4.60517018586457,4.60517018593192,4.49284792195144,4.60517018577345,4.6051701844803,4.60517018590026,4.31184293481408
"216",-0.365035266570974,2.52033719958807,4.60517016899457,3.13879073668542,4.60517018559444,3.04440546634468,4.60517018592964,4.60517018517892,4.60503044089039,3.79344659533155
"217",3.79907621747579,3.06396440755431,4.60517018586731,4.60517018585687,4.60517018564826,4.60517018552721,4.60517018433005,4.60517018581449,4.60517018580418,4.60517018597939
"218",4.60517018574021,4.60517018563093,4.60517018507895,4.26901649869836,4.60517018567668,4.29465229805652,4.60517018597828,4.60517018575814,4.60517018441267,3.8728738102424
"219",4.60517018542061,4.60517018592803,4.60517018598133,4.60517018551542,4.605170185802,3.45087182393168,4.60517018586525,3.10674134603914,4.26628463703673,-0.787239607956803
"220",4.60517018463678,4.60517018573003,2.00369846297603,4.60517018579421,4.60517018570724,2.04583866923589,4.60517018592177,4.60517018393717,4.60517018589087,3.22791173451767
"221",4.60517018596616,4.29653685726756,4.60517018593983,4.60517018577331,4.55930272758864,4.60517018546511,4.6051701855984,4.60517018592664,4.60516991238541,4.60517018555244
"222",1.63924597763523,2.89342440392915,4.60517018411374,4.60517018576924,4.60517018589181,3.50784208758652,4.4693317500038,2.81624046019385,4.02578867101344,4.60517018566487
"223",4.11117886511882,4.60517018506184,4.60517018518227,3.33181371580089,4.60517018546815,4.60517018592174,0.606095473818819,4.6051701837951,3.17854353031861,1.69893111184312
"224",4.45220162624534,4.60517018525611,4.60517018585931,4.60517018533336,4.60517018476862,4.60517018560926,4.34070565231984,4.12282960711823,4.60517018408736,4.60517018577787
"225",4.60517018574978,4.22737709735719,2.94676361849192,4.60517018585951,4.60517018545247,2.93598682859492,4.6051701842029,4.60517018589303,4.60517018589834,4.6051701859226
"226",4.60517017059461,4.60517018497209,4.60517018578624,4.6051701858927,4.60517018587669,4.60517018596532,4.60517018588717,4.60517018510149,4.36618260536477,1.46088477848615
"227",4.60517018580683,4.60517018594854,4.6051701859677,3.52666174537384,4.60517018585294,4.44072601290286,4.60517018577916,2.44961526666999,4.60517018557648,4.60517018335551
"228",4.60517018351912,4.60517018559069,4.60517018588537,2.09125942397434,4.60517018589323,3.90799944912889,1.1176796038092,4.44481661260746,4.6051701435201,4.60517018598006
"229",4.60517018598446,4.6051701858583,4.60517018473883,4.60517018441871,4.60517018581452,4.60517018584581,1.84842983342016,4.60517018567703,4.60517018590016,2.8709232328916
"230",4.60517018085926,3.9493326961876,3.74621936789507,4.605170185699,4.60517018593237,4.6051701857701,3.70793692147296,2.98871202471139,4.60517018595914,2.93151779634452
"231",4.60517018584376,3.86578314170715,4.60517018553741,4.6051701855932,3.93882849182829,3.67682076469721,4.60517018583811,4.6051701846943,4.60517018537126,4.60517018587392
"232",4.60517018567245,4.06350580506533,4.59275295777364,4.60517018590001,3.75321135608093,4.60517018540076,2.82716559293435,4.25017044358045,4.60517018596891,4.14470427573862
"233",4.6051701589444,2.41608990331959,4.60517018449991,2.72876404167585,4.60517018593942,4.60517018535411,4.60517018548914,4.60517018577764,4.60517018585603,4.60517018590731
"234",2.30079417149732,2.63344882503998,4.60517018429627,4.60517018560392,4.60517010248752,4.60517017983473,4.60517018462263,4.21916042964111,2.58309998545268,4.60517018556834
"235",1.73797313447104,4.60517016132929,4.60517018585988,4.60517018596834,4.60517018594239,4.60517018521309,-1.41100716956734,4.60517018588507,3.80241646878981,3.25896977817102
"236",3.51294979675543,4.43664107575484,4.605170185787,3.53192617339272,4.60517018536431,4.60517018544974,3.26572289910155,4.60517018588033,4.60517018582257,4.60517018551203
"237",4.19022880864465,4.60517018406059,3.61202895743066,4.60517018584778,4.60517018558181,4.60517018335249,4.60517018499677,4.60517018450187,2.11778114457898,4.6051701855088
"238",4.60517018367375,4.60517018403792,4.60517018593767,4.06823050167713,4.60517018583658,4.60517018589537,3.86280759897267,4.60517018422149,-2.5394237939238,4.60517018382939
"239",4.60517018579904,4.60517018546828,4.605170185524,2.64173691385021,4.19417609640848,4.60517018554915,4.24096281490995,4.6051701856237,4.60517018598455,4.60517018591283
"240",4.33917575633907,1.70694199471871,4.60517018324096,4.17330336682834,4.60517018544894,4.6051701857854,1.76601733829639,4.60517018581049,4.60517018594276,4.60517018574747
"241",4.60517018568308,3.80422762829121,4.60517018568064,4.60517018576666,4.60517018575727,4.60517018295152,4.59243093978742,4.60517018567005,3.90710464238974,4.59180276042894
"242",4.60517017722787,3.83402822437658,4.60517018593406,4.60517018512137,4.60517018597995,4.60517018526283,4.60517018455968,4.60517018588007,4.60517018574559,4.4457102966909
"243",4.60517018526276,4.60517018437591,4.60517018542321,4.60517018582144,1.71893474070796,4.60517018557818,2.31207561094302,4.60517018592503,4.24460199781712,4.60517018563014
"244",4.60517018583293,4.60517018562788,1.85721945026768,4.60517018592083,4.60517018575485,4.6051701854061,4.60517018597808,3.92632652827521,4.60517018596286,4.60517018407734
"245",4.60517018592606,4.60517018592243,4.6051701857454,4.60517018595901,4.60517018526998,4.60517018576411,4.6051701840761,4.60517018587733,4.60517018138952,2.74369554311432
"246",4.6051701859329,4.60517018591912,4.60517018554548,4.14590813757184,4.18602087262958,2.11854706132126,4.60517018503556,4.60517018548119,4.60517018461151,2.98968489156876
"247",4.60517018292173,4.60517018587567,4.60517018369812,4.60517018370125,4.60517012060775,4.60517018589272,2.81273119732143,4.60517018572389,4.6051701842983,3.55329055302715
"248",4.60517018576136,4.60517018274385,4.60517018438031,4.60517018575001,3.62465753293983,3.08727696232275,4.22212278703331,4.6051701832691,4.60517018565209,4.60517018572314
"249",4.60517018548305,4.60517018567482,4.60517018569801,4.60517018534198,4.6051701856845,3.5649493732941,4.60517018592592,4.60517018585146,4.60517018566204,4.60517018493827
"250",2.11902151176039,4.60517018594883,4.6051701845752,4.60517018408447,4.21699314693166,4.60517018590306,2.49770830257802,4.60517018533142,4.60517018497462,4.60517018447336
"251",4.60517018595723,4.47228752512336,3.44508644633634,4.60517018592103,4.60517018592566,4.60517018517356,4.6051701850227,2.29463885001118,4.60517018562833,4.60517018558646
"252",4.60517018584857,4.60517018493075,4.34007944076506,4.60517018565162,4.60517018341892,4.60517018590077,4.60517015193204,4.60517018592034,4.60517018597199,4.60517017463352
"253",1.05388909259682,4.60517018508512,3.80876562886791,1.28336046427028,2.03596359095861,4.60517018539615,4.60517018569903,4.3260792577581,2.54211087646634,1.32495177395542
"254",4.60517018598268,4.6051701843697,4.60517018584095,2.5889180680639,3.16356152083583,4.60517018596033,4.60517018544805,4.60517018598604,4.6051701820189,0.414392893984015
"255",1.24390656861335,2.10458876560021,2.64730594292704,4.15508462523778,4.6051701857042,4.60517018583083,4.6051701741733,4.60517018597434,4.60517018308492,4.60517018580061
"256",4.60517018528943,4.60517018581812,4.60517018530322,4.4432587465262,1.60933907316091,4.60517018589268,4.60517017834171,2.32675241331254,4.57895865219115,4.60517018575383
"257",4.16813517295449,4.6051701783264,1.52569054026505,4.60517018586791,3.43714161155405,4.6051701854149,4.60517017871212,4.00356917562339,4.60517018595405,4.60517018508956
"258",4.60517018595115,4.60517018568712,4.60517018557792,3.64775618721693,3.86626496236132,4.37312843808034,4.60517018596,1.50285361907677,4.60517018563879,4.60517018579664
"259",3.02264177660666,4.60517018286291,4.60517018528921,3.77727201694416,4.60517018472818,4.60517018590597,2.2467947949682,2.73065344917978,1.04953633126279,3.35737574418714
"260",4.60517018533354,4.6051701844807,4.60517018582276,4.60517018566212,3.70147940788789,3.29972567419076,4.60517018401347,4.4579528541088,4.60517018580217,4.60517018541828
"261",3.61728412622865,4.6051701745958,2.79742067688552,4.60517018590296,3.24892832334983,1.88116342484795,4.60517018572719,-3.56195190453427,3.74853459648324,3.75429155820344
"262",4.20803727197827,4.60517018415577,4.60517018452367,4.09828708671739,4.60517018570931,4.60517017527909,4.60517018595789,4.60517016547935,4.6051701859258,4.60517018576595
"263",4.60517018090734,4.60517018593808,4.60517018519637,4.60517018579865,4.60517018227083,4.60517018575531,4.60517018512918,4.60517018562962,4.60517018560248,4.60517018539451
"264",4.56610907841049,4.6051701855596,4.60517018324094,4.6051701858701,4.27280094533608,3.98183216462942,-0.0194056140284289,4.60517018538833,4.60517018596136,4.60517018538756
"265",3.67893286641045,2.52172063866448,3.92516227382482,4.60517018518505,4.60517018554823,4.60517018555209,4.60517018515335,4.60517018492919,2.63560640128058,4.60517018598514
"266",4.60517018311865,4.60517018584057,4.60517018597952,2.44750521510824,4.60517018549243,3.884266149104,3.70998016317499,4.60517018554483,4.60517018582711,4.60517018534657
"267",4.58959895592643,4.60517018590435,3.74615393554043,4.60517017623435,4.60517018597167,-1.54257178462401,2.73153781272421,2.1035337348108,4.5055198225544,4.60517018593269
"268",4.60517018593858,3.37346586911971,4.6051701859283,4.60517018323826,4.60517018595923,4.60517017856402,4.60517018530908,0.436432391769014,2.81801896858677,3.01944325653223
"269",3.97648635627564,1.12777133611271,4.06390449958603,4.6051701854517,4.60517018272256,4.60517018557897,4.60517018582439,4.6051701806865,4.60517018523122,4.60517018509103
"270",4.41377960188336,3.4982666242554,2.43174080057444,4.60517018458254,4.60517018595888,4.24550311918798,1.5727103651658,4.60517018444508,4.60517018447222,1.31557325933844
"271",3.86243414808922,4.60517018537116,4.60517018587975,4.60517018589928,4.18376582413834,4.60517018574279,4.39621134884533,4.60517018499851,4.25583612309819,3.84457858602981
"272",3.96268531452368,3.52304466790999,4.60517018588508,4.60517018556584,3.56461791859465,4.60517018317791,4.60517018572369,4.60517018490073,4.60517018568868,2.71211358829465
"273",3.90786139478495,4.60517018587252,3.93261060352362,4.60517018597046,4.60517018589964,4.60517018579728,4.60517005404503,4.60517018559863,4.60517011690098,4.60517018598592
"274",4.60517018505949,4.605170185923,4.60517018531268,4.60517018598314,3.09498642252488,4.60517018593805,4.60517018565809,2.9933397222886,4.60517018580671,0.31748675170217
"275",4.60517018493737,4.6051701858777,4.60517018591183,4.60517018482103,1.59496539723767,4.60517018596246,0.676572959504625,4.60517018184984,4.60517018597481,4.60517018587273
"276",4.60517018262715,4.60517018311402,4.60517017223781,4.60517018492824,4.60517018594621,4.60517018595407,4.60517018448103,4.60517017508005,4.60517018582338,4.25973076609448
"277",4.60517018566561,4.60517018570876,-0.413041113745983,4.6051701859578,4.03512176625506,4.27258581443518,4.60517018580119,4.60517018514249,4.60517018484917,4.60517018482625
"278",4.57823139475,4.60517017731988,3.00460072911783,4.08482099860817,4.60517018523588,3.23085728101955,4.60517018245947,3.36882175625665,4.60517018533896,3.87251802149237
"279",4.6051701845053,4.60517018577973,2.39937393217406,4.04650257689988,4.60517018393895,3.90119166302351,4.60517018590771,4.6051701858496,3.38985726580523,4.60517018583123
"280",2.82397973909543,4.60517018455518,0.184879641326116,4.60517018441445,4.60517018456243,1.80838829591038,4.60517018582173,-1.96001731024481,4.60517018501207,1.72668760176034
"281",4.60517018575902,0.166875070218758,4.60517018593618,4.60517018555432,4.60517018596886,1.9013399793696,4.60517018592176,4.60517018587373,4.58309095348079,3.64503683114788
"282",3.59565502261082,4.6051701859742,4.6051701859659,4.60517017792813,4.0178934832885,4.60517018488569,4.60517018576767,3.23818002468667,4.60517018587803,4.60517018271648
"283",4.45625974228478,3.31836938037756,4.60517018483823,2.92356706980714,4.60517018573855,4.60517018598748,4.60517018587212,0.917066625562512,4.60517018372952,4.60517018588678
"284",4.60517018570699,4.60517018531236,4.60517018586076,3.40669931891454,4.50124098089269,4.60517018550512,3.09500903219007,2.87583699719646,4.60517018593138,2.44326143973326
"285",4.60517018380666,4.6051701859386,4.60517018545078,4.60517018402495,4.60517018578691,4.60517017861195,3.645835524944,4.60517018512413,4.60517018516597,3.31077801989368
"286",4.60517017207016,4.60517018535903,4.60517018563617,4.60517017419634,3.61386990033573,2.06814320482897,4.60517018550461,4.60517018516934,2.02503391056803,4.60517018593065
"287",4.60517018583906,4.60517018567735,4.60517018407618,4.60517018589981,2.94748728612226,1.77794953153763,4.60517018555901,4.60517018588599,3.60539895398071,4.46074710314346
"288",4.60517018597587,4.60517018478964,4.60517018403586,4.16833153570914,1.45623876889897,4.6051701848528,4.17084404625213,1.58795200672913,4.60517018573562,4.60517018595674
"289",4.60517018585313,2.54285267607354,1.34501986357211,4.6051701838524,4.60517018559298,3.93889239233785,4.60517018564097,4.60517018598573,4.60517018447849,4.60517018299245
"290",4.60517018593404,2.65036783423339,4.60517018478062,-1.32016346162337,0.829842141826866,4.60517018598187,4.60517018316649,4.60517018553751,4.60517018521288,4.60517018591098
"291",4.60517018535977,4.60517018583305,3.97570531929016,4.10154522576655,4.6051701856447,4.60517018588853,4.6051701859323,2.92249536203901,4.60517018584056,3.87753465403517
"292",4.60517018581148,4.60517018568559,3.77065980461931,0.862958326643476,4.60517018568397,3.0046128765885,4.60517018517965,4.60517018270379,4.6051701857291,4.60517018556375
"293",4.60517018597218,4.60517018591751,4.60517018590375,4.60517018558608,4.60517018583881,4.60517018530828,3.41173771996136,4.60517018456456,4.60517018182483,4.60517018244058
"294",4.60517018569629,4.6051701857308,3.91949880862547,3.84825480050155,4.60517018581023,3.78245201312562,2.2779797910954,4.60517018516389,4.51207042419874,4.60517018367059
"295",4.52534844627298,4.25421029184911,4.60517018522245,4.60517018584063,2.00982096473949,4.6051701840724,4.60517018585833,4.47400448663635,4.6051701857928,4.60517018558234
"296",3.69400142160821,4.60517018571843,4.60517018478316,2.47342154488429,4.60517018533493,4.60517018575649,1.12340242772099,4.60517018589756,3.93608432764447,4.60517018597492
"297",3.6017423051959,4.60517018459186,4.60517018468441,4.60517018394272,4.60517018554951,4.6051701859037,4.60517018314473,0.877494811138369,4.60517018596482,4.6051701841066
"298",4.60517018457766,4.60517018564894,-3.62514039446149,4.60517018593113,4.60517018569602,4.60517018595017,4.60517018583307,2.37577663361971,4.60517018598605,4.60517018562145
"299",4.60517018593891,2.85927690622843,2.36445389364177,2.26525479719939,4.60517018507107,4.60517018540933,4.60517018597535,2.98380970578414,4.60517018578114,4.60517018594594
"300",4.605170183592,2.58076606961624,4.60517018530634,4.60517018575103,4.60517018459787,0.902720184136708,4.2498486125194,4.60517018567895,2.80316445156053,4.60517018434087
"301",4.60517018579827,4.60517018565565,4.60517018546162,4.6051701543653,4.43980151385739,4.60517018509689,4.60517018527162,4.60517018567915,4.60517018577579,4.03626283032783
"302",4.60517018589577,4.39755851788993,4.60517018544724,4.6051701856751,4.60517018465114,4.60517018586556,4.60517018596638,4.60517018567511,4.60517018592815,4.40793879808181
"303",4.60517018589472,4.60517018520304,4.60517018575709,4.60517018338793,4.6051701853859,4.60517018516055,4.60517018592038,3.54652418331744,4.02885310162254,4.60517018583501
"304",4.60517018288578,4.49020512448143,2.34411837303526,3.80234608666263,4.60517018585898,4.60517018588789,4.6051701855173,4.60517018302146,4.60517018502396,4.60517018449459
"305",4.60517018566239,4.60517018585095,4.60517018075444,4.60517018575577,4.01562910921686,4.60517018598505,4.60517018592859,4.60517018537578,4.60517018575857,1.72758906620734
"306",4.37491919306032,4.60517018554035,3.94642364008055,4.60517018577804,4.6051701859389,4.60517018512856,4.12883390389764,4.33701408027699,4.60517018590924,4.60517018595379
"307",4.60517018591106,4.60517018503356,2.16413924111407,4.2513325644651,4.60517018548454,4.60517018568562,3.16541018208177,4.60517018456211,4.34633480553775,4.23454538073371
"308",3.3984876858603,4.60517018594155,1.92819162856276,2.83333632418795,4.06938658600537,4.60517018575796,3.17277515609463,4.60517018554081,1.13536269788063,4.60517018548132
"309",4.6051701859535,4.60517018419672,4.60517018595969,3.38990257910894,1.35938312671347,4.60517018336525,4.60517018236346,4.60517017893728,3.14686862335108,4.60517018568759
"310",4.60517018581765,3.67764907202753,4.60517018596121,3.2251756709009,4.60517018487315,4.60517018562059,3.46504994490438,4.58270161776247,4.60517018582878,4.60517018274917
"311",3.40943239062915,4.50108212253772,4.60517018598472,4.60517018398873,4.48808332728313,4.12072590221871,4.60517018593829,4.60517018550279,4.60517018477855,4.6051701854544
"312",4.57770994433902,4.24364887198555,2.01325589751966,4.6051701832286,4.60517018445255,1.96047908905481,4.60517018563402,4.03970328959029,4.60517018547313,4.23703582191013
"313",4.60517018440786,0.823469060746156,4.60517018542626,3.9049867623393,3.02558833506052,4.60517018552114,3.69901898283192,4.60517018590474,4.60517018551828,1.75465004455835
"314",2.5139567896215,4.60517018365675,4.60517018556593,4.60517018521283,4.60517018597312,3.94263181402376,4.54037722967382,4.60517018557649,3.19242225598794,4.60517018594695
"315",4.60517018586234,4.53071369287274,4.60517018595988,4.51325470934625,4.60517018584451,4.6051701846505,4.60517018474494,4.60517018322339,4.60517018598532,4.60517018590917
"316",4.6051701856583,4.60517018568018,3.79214405584585,1.21646447624989,4.34540372992325,4.25986891066845,4.6051701853631,3.35516794858285,4.08838049203718,0.272076253918364
"317",4.6051701859045,4.60517018492792,4.60517018524002,4.17528008869854,4.60517018574243,2.90677829521158,4.60517018575274,4.60517016822518,4.60517018589978,3.57202189282683
"318",4.46509720455363,2.90346663360517,4.60517018589744,0.774963715599739,4.60517018585583,4.60517018543735,2.36659463414903,4.60517018584214,4.60517018594008,4.60517018568154
"319",4.60517018499275,4.03059097709778,4.60517018556407,4.3016783543854,4.60517018578285,4.1694789128225,4.60517018449801,1.76599280773222,1.63527813954278,4.38328232786814
"320",1.70531282910516,-0.406714218436832,4.6051701857434,4.60517018487959,4.60517018541308,4.6051701859449,2.92685586712704,4.60517018537038,4.60517018556067,-0.267516463552756
"321",2.18933171013142,4.6051701859062,4.60517018586513,4.60517018560892,1.90509737702576,4.60517018551978,4.60517018541159,4.60517018583654,4.08806458065774,4.60517018535457
"322",4.05332967262535,4.60517018579833,4.60517018371389,3.37006603616744,4.60517018510794,4.60517018398438,4.60517018573438,4.6051701858695,2.29150076786318,4.60517017101275
"323",4.60517017598885,4.60517018598679,4.05413342525067,4.60517018578654,4.60517018596765,4.6051701856028,4.6051701848081,4.60517018460811,4.60517018588867,4.6051701858871
"324",4.60517018366056,4.43329523136456,4.60517018576505,1.32748637000479,4.6051701859672,4.6051701857455,2.98924433068994,3.43789103687701,2.92446716516263,4.60517018203741
"325",4.6051701857816,3.7157606015118,4.60517018577325,4.02744341084568,4.60517018593485,4.43954482798768,2.30754274880965,4.60517018545274,4.60517018551805,4.58395836571636
"326",4.60517018570364,4.60517018584074,4.60517018582357,4.60517018386645,4.60517018540975,4.26722090316628,4.60517018594982,4.60517018238401,1.8306025267997,4.60517017302969
"327",4.60517018581194,4.60517016814499,4.60517018492339,4.56556254045961,3.33927530396914,3.85845042483264,2.57745442733597,2.42123695786896,4.60517018466953,4.60517018429158
"328",4.60517018282716,4.02677258707462,4.60517018538975,4.6051701859352,3.72814342464252,4.60517018591699,4.60517018547164,3.72470908134435,4.6051701811388,4.60517018326672
"329",4.60517018577045,3.76619344952017,4.60517018389685,2.27495947009086,4.60517018563731,4.60517018559726,3.48998888687668,4.60517018551323,4.60517018570154,4.60517018594904
"330",4.60517018597209,4.60517018273049,4.6051701859262,3.22578231482414,1.88103525091821,-0.704022553822313,3.9866999231947,4.60517018515509,4.15698451742524,4.6051701857361
"331",3.32196661379206,3.56501732820021,4.60517018537877,-0.0267383295753732,4.6051701855238,4.60517018594308,4.605170185931,4.60517018356376,2.67862015735315,4.60517018597259
"332",4.6051701859369,4.60517018410372,4.60517018526075,0.775012613564087,4.60517018593988,3.77695409943102,4.60517018589871,4.60517018589047,4.60517018576918,4.60517018585612
"333",2.5954644134838,4.28260235932465,4.60517018540074,4.60517018593323,4.60517018243765,2.66639983509606,4.60517018556229,4.60517018598567,2.42472854843603,4.60517018580738
"334",4.60517018537704,4.60517018534318,3.86186397204283,4.6051701856392,4.60517018372775,4.60517018591133,4.6051701858105,4.60517018563166,4.60517018594708,2.68903283298522
"335",4.60517017925938,4.60517018575962,4.60517018589943,3.2515707853873,4.60517018572806,1.79170739894905,4.60517018090572,4.6051701859174,4.60517018564807,2.93444954141653
"336",4.60517018589246,4.60517017587126,4.60517018506184,2.64222180079148,4.6051701856309,4.26344918020511,4.60517018598421,4.50193607741362,4.1088605975331,3.77468772117225
"337",-0.687909506753844,4.6051701859747,4.60517018551104,4.60517018554474,2.58504253960434,4.60517018533109,3.62605666101225,2.69017648173099,4.60517018595863,4.5894599182541
"338",4.60517018592174,3.44154247996254,4.60517018315409,4.60517018552306,4.60517018528646,4.5158916460167,4.60517018444,4.60517018582719,4.60517018511163,4.60517018461853
"339",4.60517018552307,4.6051701845031,4.60517018489242,4.6051701832913,4.60517018589948,-0.10395691958643,1.35323290096881,2.36745264317012,2.26565009017794,4.60517018558957
"340",4.60517018566762,4.60517018567023,2.59300161727575,3.67691608223641,4.60517018567936,4.60517018583221,4.60517017561533,4.54652388384013,3.7626306689619,4.60517018592017
"341",4.60517018342392,4.56349855054384,4.60517018562964,4.60517018510656,4.32857286811539,4.60517018483922,3.64863171660648,4.60517018582735,2.66305861308443,4.12666968024765
"342",4.60517018194992,4.22392412869481,4.60517018373076,4.60517018543871,4.6051701859157,4.60517018453322,4.60517018595304,4.07433721427346,4.29061511342289,4.60517018393347
"343",2.51924006447445,2.67823675667288,4.605170185928,3.80834642163069,4.60517018575315,4.60517018441274,4.60517018582859,4.60517018572053,1.61849409540658,4.60517017853823
"344",4.1987593288109,4.60517018328819,4.60517018565994,4.60517018595333,4.60517018594486,4.60517018575882,4.60517013632137,4.60517018587102,4.60517018398075,-0.165289860582732
"345",4.09671609502451,3.26569508710167,4.60517018563986,4.60517018554444,4.60517018588759,4.60517018589315,4.6051701857639,4.60517018405667,4.60517018540851,4.60517018412395
"346",4.60517018588099,4.60517018589741,4.07076166884647,1.69672529158332,4.60517018518156,4.55074361207025,4.60517018551289,4.60517018099787,-1.44289868859694,1.35021394820718
"347",2.10992808532594,4.60517018481242,4.60517018452448,4.60517018523247,2.24593574006148,4.60517018466705,4.60517018584624,4.60517018592409,4.60517018582893,4.6051701856519
"348",4.60442096411013,4.60517018123477,4.60517018588936,4.33593176832408,4.6051701857953,4.60517018581585,4.60517018568976,4.60517018545952,4.51185685230726,4.60517017960561
"349",4.60517010611961,4.60517018586447,4.60517018581377,2.81725701202557,4.60517018598018,3.63927440517328,4.47123176777185,4.60517018578466,4.60517018595367,4.5378591893459
"350",4.60517018592337,3.94254547461661,4.60517016568746,2.45889971416186,4.60517018492829,4.60517018564094,4.6051701856706,4.60517018589561,3.95412084037621,3.22662061444558
"351",4.60517018431732,3.91513147450721,4.60517018417833,4.6051701856944,1.77969040839984,4.60517018516592,4.60517018579817,4.60517018580443,4.60517018565836,4.06645468314326
"352",4.60517018151553,2.62848735796463,4.60517018548229,1.64038519025297,4.60517018517267,1.73250493951596,4.60517018506008,3.44590659299224,4.60517018591635,1.55475173984887
"353",4.60517018562981,4.60517018593746,4.60517018516049,1.53120958363355,4.60517018592764,2.51915939038381,4.60517018395274,4.0427246911559,4.60517018565941,4.60517018591858
"354",4.60517018582271,3.86515916456993,4.60517018423857,4.60517018325427,4.42262760244767,4.60517018477808,4.60517018571594,4.59259296891671,4.60517018584927,4.60517018569834
"355",4.60517018560009,4.60517018586297,4.60517018555436,4.60517018461047,2.6550920890982,4.60517018533758,3.94015113912749,4.60517018582589,4.60517018355765,4.60517018586027
"356",4.45819997354171,4.45642615189774,4.60517018511236,4.60517018346628,4.60517018593791,3.08931116386933,1.15295752435507,4.60517012539178,4.14773612393211,4.60517018578831
"357",4.30037228408393,4.60517018597919,4.60517018536441,4.60517018555053,4.60517018476794,3.72329216217806,4.60517018543813,4.60517018567449,4.60517018592185,4.60517018401039
"358",4.60517018581394,4.60517018584836,-1.30287659460399,4.60517018567467,4.60517018559531,4.60517018578217,4.60517018203161,2.33760815971067,3.0733836873744,-3.51953775465061
"359",4.60517015222959,4.60517018564941,4.24896102040146,4.60517018559985,1.71780015583109,4.60517018543573,1.841537979005,4.21671649547037,4.60517018594859,-0.0222191851822444
"360",4.60517017503456,4.60517018418923,4.60517018569647,4.60517018589972,4.60517018582373,4.60517018596598,2.24269474900286,2.04998472952012,3.46501838346514,4.60517018573587
"361",3.98964796417525,4.60517018544402,1.33939395403298,4.60517018320273,4.60517018590075,2.40340246810151,4.60517018558155,4.60517018570402,4.43083945300379,4.60517018470479
"362",4.60517018588332,4.60517018561001,4.60517018581771,3.37290415148497,1.77525398662625,4.15164948265475,3.98741617171884,4.60517018596921,4.60517018533832,2.85871776536427
"363",2.66458985649397,4.6051701856825,2.69002198679516,2.91004856801548,2.41281546190498,4.60517018583128,4.60517018096428,4.60517018577503,4.34002748853329,4.60517018509545
"364",4.6051701858501,4.60517018321734,4.60517018598303,4.60517018583278,4.60517018593761,3.1419007237422,3.37946898439651,4.60517018589776,4.60517018565631,2.43608182778221
"365",4.60517018593693,4.60517018319882,0.901485337358363,4.60517018596287,4.60517018595559,4.60517018519742,4.60517013985266,4.60517018533557,2.41154679754089,3.69605155240345
"366",4.60517018433396,4.6051701857543,0.927426442983034,4.60517018543683,4.60517018578634,4.60517018444533,3.62762579921367,4.60517018572459,4.6051701858271,4.60517018590993
"367",4.60517018480442,4.60517018573191,4.60517018448395,4.60517018534541,4.52884145588575,4.60517018013092,4.60517018540938,3.02521602349219,1.16264676624098,4.60517018598564
"368",2.4322509431738,4.60517018587603,4.60517018585885,4.55477370790503,4.60517018571613,4.6051701722016,4.60517018573299,3.09526299738896,4.60517018548909,4.01063343776751
"369",2.80834106031185,4.60517018588473,4.60517018580538,4.12766865650831,4.56850694089133,4.60517018597582,4.60517018598321,-0.107126011780988,4.60517018490179,4.167320041784
"370",4.60517018521052,4.60517018572559,3.66753784143337,3.66391653263664,4.6051701837838,4.60517018566373,-1.21623138338724,2.73543741758466,4.60517018575947,4.60517018574081
"371",4.60517018573453,4.60517018572569,4.60517018284786,4.60517018589425,4.45866717296572,3.57841245738137,1.57198477040041,3.88992095266757,4.60517018592817,3.47486013250241
"372",4.60517018402094,4.60517018589777,3.01130854544863,4.60517018578304,4.60517018087359,4.605170184266,2.88316833578011,1.26523676892339,4.60517018413173,3.73124733367862
"373",4.60517018520913,4.60517017629359,2.57025995303071,4.47453460629249,4.60517018568424,4.57583158104126,4.60517018585924,0.0454594777312246,2.44777292166132,4.60517018525816
"374",4.60517018567234,4.60517018586624,4.60517018486068,2.69148535193792,2.14395531797985,4.60517018563574,4.60517018578868,4.60517018596826,4.60517018566556,4.47087775215222
"375",4.60517018533411,4.6051701858155,2.37205743775137,4.60517018551762,4.41219719790801,0.391536238708575,4.60517018534698,3.48932297164861,4.60517018455593,4.09969588911524
"376",3.80725236941255,4.60517018506605,2.97602489210326,3.75266581077067,4.60517018596735,4.60517018522813,3.91706797960438,1.7938157682247,4.59207530401405,2.0810409906249
"377",4.46602377545504,4.6051701842089,4.6051701857698,4.60517018596326,4.60517018251077,4.60517018422207,4.60517018509837,4.60517018245475,4.60517018586495,4.6051701859121
"378",0.763232559072854,4.60517018515042,4.60517018591478,-0.122946779626737,4.60517018588412,4.60517018280796,4.60517018567231,4.60517018573072,4.60517018503279,2.01397787874438
"379",4.60517018595969,4.60517018542323,1.99885898026884,1.62012573179517,4.60517018556204,4.60517017935498,4.60517018574737,4.60517018570189,4.60517018586541,4.60517018579497
"380",4.60517018589661,4.60517018598062,3.58573259468778,4.60517018400463,4.6051701853502,4.60517018568276,3.73639463332005,2.61731410007273,4.25740199684512,4.6051701858763
"381",4.60517018581439,4.60517018565941,-1.62637177319714,3.45851133323885,4.60517018585082,3.58563086583035,3.69238011616029,4.60517018499847,4.60517018588353,4.60517018592632
"382",4.60517018575974,4.60517018472552,4.60517018577344,4.60517018597515,4.42526542344388,4.60517018593807,4.60517018577063,4.60517018582254,3.13089885783321,4.60517018466192
"383",4.3048664609226,2.28714956430136,4.60517018220568,1.93137107099117,4.60517018594086,3.77999160059292,4.6051701859624,4.60517018587724,4.60517018541412,4.6051701847991
"384",4.60517018559749,4.60517018588043,4.60517015707842,4.60517018555789,4.57703871004205,3.19450410175046,3.85354761574803,4.60517018410044,4.4532039854025,4.52227578953477
"385",4.6051701841842,4.60517018545541,4.60517018530831,4.6051701858103,2.75521071943632,3.1662185921216,1.25108547855873,4.60517018053626,3.81960294402319,4.60517018370803
"386",4.60517018543828,4.25025198444042,4.60517018592834,4.0769010353696,2.49107131872451,4.15199162240238,4.60517018555245,4.6051701859612,4.0999021501722,4.60517018564672
"387",4.60517018587554,4.05940315865279,4.6051701859082,4.60517018597966,4.60517018327396,4.60517018536106,2.61258577106784,4.60517018588034,1.02212989927011,3.05233463353918
"388",4.60517018582982,3.09781495327085,3.8592271189362,4.60517018191766,4.60517018538364,4.60517018536371,4.60517018538982,4.60517018583968,4.60517018506639,4.60517018594961
"389",4.6051701858311,2.93243925798699,2.52021076766566,4.60517018396226,4.60517018578845,4.60504349294481,4.60517018596244,4.60517018588894,4.60517018484861,4.60517018363552
"390",4.60517018140493,4.60517018556409,4.33822932376074,4.60517018573022,4.60517018579663,4.60517018386717,4.60517018534802,2.14235732138869,3.29908125119385,4.60517018584889
"391",4.60517018582074,4.60517018564329,4.60517018591754,4.60517018316212,4.60517018577804,4.60517018597911,4.60517018475348,4.60517018367495,4.60517018577952,4.60517018190239
"392",4.60517018523517,4.6051701859393,4.60517018591054,4.60517018593206,4.60517018451744,4.60517018542553,4.60517017732123,4.60517018121932,4.60517018568739,4.60517018541831
"393",4.60517018586403,4.60517018590556,4.60517018479344,4.6051701858379,1.6836009033629,4.6051701854475,4.60517018158309,4.10929188561087,-0.952985572549331,1.76952705059463
"394",-1.00538775370186,4.60517018559378,4.6051701850257,4.60517018588005,4.60517018580369,4.60517018532006,4.60517018577843,4.60517018588872,4.60517018491895,4.60517018517615
"395",2.80165342535694,4.24688382839397,4.11582417475505,4.60517018578724,4.60517018462797,3.31852750763992,4.60517018515222,2.46230532839873,4.60517018586625,4.60517018572086
"396",4.60517018384763,4.60517018589094,4.60517018450671,4.60517018520937,4.60517018183769,1.04765235430993,4.60517018522007,4.60517018594929,4.60517018596483,4.60517018597298
"397",4.60517018595942,4.60517018497747,4.60517018596534,4.6051701859184,4.60517018510963,4.01376329052599,4.6051701842692,3.874578171576,4.605170185469,2.10914185447717
"398",4.60517018579072,4.60517018446986,4.60517018582033,4.60517018497915,4.60517018577664,4.60517017864333,4.60517018591213,4.60517018571772,4.60517018555442,4.60517018565053
"399",3.98231744695309,4.60517018561967,2.54612575900509,4.60517018513778,4.60517018566498,4.50293865524124,4.60517017626294,4.60517018254329,4.60517018529076,4.60517018517997
"400",0.535457805601244,4.60517018480405,4.60517018594136,3.30521602201696,2.00118895937822,4.51877102614061,4.60517018512886,4.60517018578027,4.60517017544559,1.74396882658159
"401",0.656056662002225,4.60517018354845,4.60517018317304,4.60517018526656,4.4858269740817,4.58917790670948,2.69980350655057,4.60517018584338,4.60517018503785,4.60517018449177
"402",4.60517018531022,4.60517018566437,4.60517018584085,4.60517018397274,4.60517018561013,3.6656088554216,4.60517018598139,4.60517018594388,1.38781706145198,4.6051701838785
"403",0.326925720170664,4.60517018588861,4.60517018586501,4.0767884265147,4.60517018593225,4.60517017891044,4.60517018531991,4.60517018587741,3.56612990771207,4.60517018589054
"404",3.3473619738739,4.60517018444345,4.60517018544497,3.47176090777335,4.60517018334322,4.60517018565136,0.371644258289336,4.60517018580734,4.60517018575323,4.60517015690056
"405",4.60517018538953,4.60517018591599,4.60517018587655,3.27526625864323,4.60517018563323,4.60517018391049,3.9057527695461,4.60517018474306,4.60517018282561,4.60517018547536
"406",4.60517018589586,4.60517018596767,4.6051701846498,4.60517018544615,4.6051701857727,4.6051701849657,4.60517018595561,4.60517018552504,4.60517018467262,4.60517018587822
"407",4.60517018305762,1.96585987627352,4.60517018528513,4.60517018585572,3.08835796362812,2.05184706288988,1.34769356738591,4.60517018398929,4.60517018392971,4.60517018588294
"408",4.60517018597695,4.6051701859723,4.60517018583845,4.60517018557272,4.60517018532871,4.60517018497714,1.84403217885137,4.60517018564945,4.55598430657803,0.98169738743772
"409",4.60517018534767,3.5011551710932,4.60517018525855,4.60517018524329,4.60517018595447,3.57118636275225,4.60517018557067,2.90891286190039,2.97510422593115,3.679336579416
"410",4.60517018462829,2.01692112676087,4.60517018525717,4.60517018580105,4.60517018566654,4.60517018556571,4.60517018597793,4.60517018588897,4.60517018577684,4.60517018471608
"411",4.60517018572101,4.60517018585691,4.60517018560357,4.04515768705583,4.05683403013472,2.84916274715311,4.60517018480424,4.36206774831366,3.57400508050413,4.60517018593908
"412",3.68220909362228,3.83335722196353,4.60517018571202,4.60517018526868,1.16370206939146,2.79167889425629,4.6051701839803,3.47673446909548,4.60517018566527,0.964887036041585
"413",4.60517018566833,3.29672422252919,0.589011762224352,3.48908842025384,4.60517018391216,4.60517017949725,4.60517018281683,3.55817409557543,4.60517018539299,3.30531581163625
"414",4.60517018594478,2.76780699096567,4.60517018595562,4.60517018533922,4.60517018537202,2.94537136682496,4.60517018585956,4.60517018573934,4.17973157985148,4.60517018539124
"415",2.40043248662895,3.91131673065776,4.60517018596372,4.60517018442929,4.60517018583467,4.6051700414597,4.44135713223009,3.62674747679318,4.60517018566134,4.60517018595594
"416",3.83922973941058,4.60517018589098,4.60517018558978,4.60517018550077,4.60517018478863,4.60517018587301,4.60517018552285,2.1758849810841,3.70401993666481,2.30814802480371
"417",4.60517018506931,4.60517018426058,4.60517018597798,4.60517018598757,4.60517018583456,4.605170112914,4.60517018532707,4.6051701855209,4.60517018587805,4.60517018397423
"418",4.60517018588028,4.2235051465598,4.60517018557322,4.60517018595666,4.60517018282918,4.60517018590028,4.60517018550727,4.54880873206123,4.04987725909803,4.60517018481717
"419",4.60517018587044,3.57043073210137,4.6051701843361,4.60517018589004,2.82993459180524,3.91756318878517,4.60517017122043,3.85483641066046,4.60517018598615,4.45098190504361
"420",4.60517018541132,4.60517018421203,4.60517018587661,4.60517018596673,4.60517017215607,4.60517018365451,4.48807780518839,2.42089635018278,4.60517018522027,4.60517017835383
"421",3.22583772648521,3.86229953471734,1.72507834865052,1.48174180805169,4.60517018580245,4.13540477798477,4.60517018537161,4.60517018595937,4.60517015915784,4.60517018596016
"422",4.60517018588966,2.53480458415664,4.17337671361122,4.56081499204127,4.60517018574902,4.60517018550754,4.6051701858096,4.60517017597181,4.60517018577614,4.60517018551122
"423",4.20803732945916,4.60517018555997,3.76723467303474,4.35214829962353,2.96044229716013,-1.13668413620037,4.60517018578459,4.60517018530633,4.60517018514849,4.60517018533911
"424",4.60517018537049,4.60517018404637,3.03430040614414,2.74251101205524,3.02935229159482,4.60517018544546,4.19388673509511,4.60517018389696,1.63106517859091,-0.718358989233103
"425",4.60517018440918,4.6051701859666,4.60517018576642,4.6051701851884,4.2770536362101,3.84550895472234,4.60517018598059,4.60517018567516,0.977735955105274,4.60517018574316
"426",4.60517018580781,4.60517017539472,4.6051701855548,4.60517018576349,1.24861724472191,0.584091317135215,4.60517017822255,4.60517018566553,2.0999021239058,4.60517010500389
"427",4.60517018541265,4.60517018559712,4.60517018512784,3.81183848570832,4.60517018490168,4.6051701854504,4.60517018326657,4.60517018514541,4.60517018507512,1.79042860454829
"428",4.60517018562722,3.51963577432924,2.65994177283127,4.60517018579745,4.24997715754639,3.96387332666969,4.60517018506317,4.60517018332169,4.60517018573205,4.60517018502228
"429",4.60517018588906,4.60517018565512,4.60517018597736,4.60517018556498,2.92700246865744,2.86467893734624,4.60517018597319,3.88836435270768,2.80717020589871,4.60517018574488
"430",4.60517018539181,3.79534828579222,4.60517018583577,2.41094980791821,4.60517018572854,4.60517018558271,4.60517018464449,4.60517018597373,4.60517018584117,4.60517018592345
"431",0.949019835835586,4.60517018585307,4.60517018589779,4.60517018575565,4.60517018552008,4.0634961218817,2.67537184944275,3.96922736474494,4.60517018596513,4.60517018426686
"432",0.326714863541838,2.90986114109545,4.60517018594724,4.60517018446604,4.60517018394772,4.60517018584262,4.60517018594662,1.87482873603862,4.60517018491373,4.60517018569087
"433",4.43266080324646,4.60517018574887,4.60517018485428,4.60517018569189,4.60517018596902,4.6051701834896,3.9648740336004,4.60517018587414,4.60517018498364,4.60517018563293
"434",4.53277553455519,2.35390085234613,4.60517018429535,4.6051701840522,4.60517018594004,4.60517018560664,2.64236604667162,3.20906675914907,0.583370471592005,4.6051701855778
"435",4.60517018470426,4.60517018590458,4.60517018330837,4.60517018583994,4.60517018560012,4.60517018587344,4.6051701858011,4.60517018574638,3.59339979656155,4.60517018540746
"436",4.42266987198875,4.60517018549944,2.94744725594144,4.0071501836734,4.60502952399886,4.60517018544106,4.60517017669384,2.17654432968299,4.60517018586957,4.60517018557559
"437",4.60517018570942,4.1767402125602,4.60517018595358,4.60517018370563,4.60517018576298,4.60517018548325,3.48044090207377,3.85223015108394,3.65513195911043,4.60517018590991
"438",2.11529871723586,4.60517017820547,4.60517018583488,4.60517018587532,3.34777302407372,3.49185075837471,4.60517018583975,4.23652840228986,4.60517018586915,4.6051701859667
"439",3.17361426182409,4.60517018475197,3.48870868101142,4.60517018586277,4.60517018550185,2.07209016649498,4.60517018559451,4.60517018569216,4.60517018570566,4.60517018591867
"440",3.72908678311109,4.60517018578133,3.9581918091923,2.21654793151805,4.60517018394623,3.96055577529877,1.14959043825277,3.0038491439391,4.60517018552861,4.60517018535447
"441",3.06986456639461,4.6051701858752,3.78026449098694,3.94536265346965,3.24696913862058,4.60517018545631,4.60517018509627,4.60517018593312,4.60517018587662,4.60517018598321
"442",2.84929890944751,4.60517018592028,4.60517018427523,4.60517018598642,3.81341276842747,4.60517018598029,4.6051701858357,4.60517018571628,4.60517018295346,4.60517018483758
"443",2.21424348434191,4.60517018374946,4.60517018575067,3.82805407000173,4.60517018404251,4.60517018571408,4.60517018570604,3.82898314405615,4.60517018578702,4.60517018535118
"444",4.60517018594511,2.34720637322054,3.9773267829633,4.60517018590854,2.48360903652515,4.60517018596322,4.60517018505305,4.51171157448388,4.60517018591355,4.60517018583845
"445",4.60517018494995,4.3856186196739,4.60517018556449,4.60517018592971,4.60517018596587,1.72658934916329,4.37633047224043,4.6051701837888,4.45186672039151,4.60517018543286
"446",4.6051701851129,4.60517018582873,1.44826559013465,4.60517018592243,4.60517018258907,4.60517018591514,4.60517018409944,1.40169294927496,4.60517018536056,4.60517018484523
"447",3.70227572452798,2.27279444473488,3.93412641769567,4.60517018597901,2.28741680439867,4.60517018580475,4.60517017436693,3.92875961858661,4.60517018597594,1.59331252751645
"448",4.60517018597782,-0.584053909460451,4.60517018589046,4.60517018585152,3.96276012537268,4.60517018505448,4.60517018584593,4.60517018434594,4.60517018361022,3.87860011383454
"449",4.46437976319263,4.60517018590484,4.60517018576925,0.271755819319512,4.60517014307942,4.60517018589631,4.60517018583506,4.60517018532581,4.60517018577711,4.6051701858852
"450",3.89964202909956,4.60377822858939,4.60517018582976,4.60517018587209,4.45748162577482,4.60517018435417,3.19951254853031,4.60517018592781,4.60517018562314,4.60517018555587
"451",3.6417360696062,-0.125008519597827,4.08365651069225,3.97985043119201,4.60517018564843,4.60517018546494,4.60517018566212,4.60517018469577,4.60517018593592,2.61737291898661
"452",4.60517018538049,2.4249656221029,2.74359788913901,4.154427314985,4.60517018457308,4.60517018548029,4.60517018582003,4.6051701840111,2.38147203324647,4.60517018579135
"453",4.38598973301475,2.14248177361934,3.24225080014359,4.60517018584309,4.60517018417417,4.60517018591902,4.60517018592795,4.6051701852655,4.60517018534374,4.60517018579754
"454",4.60517018541663,1.72016003150807,4.60517018545999,4.60517018595502,2.57331469707817,3.91168442875141,4.60517018529104,4.60517018590546,4.60517018471332,2.54489178489166
"455",4.60517018453108,2.94312009737148,4.57233842344203,4.60517018587363,4.6051701859288,4.10832079999449,3.92065297351188,4.60517018596112,-0.305924045580341,4.60517017772053
"456",4.60517018546643,4.60517018586043,4.60517018572416,4.60517018498637,4.27379066803115,4.60517018579993,4.60517018589525,2.61295636829366,2.73663129874246,4.60517018559162
"457",4.41765715232131,4.60517018569703,4.60517018596661,4.60517018570614,4.60517018571062,4.60517018542721,4.60517018593101,4.60517018555027,3.6410079367635,4.60517018507762
"458",3.61160970392099,3.58769710084771,3.96481733358047,4.60517018570422,3.19646742522228,4.37890287640262,4.60517018550431,2.56198336021178,4.60517018594946,4.60517018592278
"459",4.60517018507296,4.60517018593174,4.60517018571642,4.60517018418341,4.60517018576198,3.62365163467676,4.60517018461142,4.60517018594935,4.60517018088112,4.60517018542641
"460",0.294690811522308,4.60517018278498,4.60517018274215,4.60517018564703,4.60517018424041,1.91223226721048,2.17280454528704,4.60517018502283,4.57458855634967,4.60517018471059
"461",4.60517018583254,4.60517018582198,-0.281242404407806,4.60517018598482,4.60517018513993,4.60517016942203,4.01888041500651,2.91540792319384,4.60517018522923,4.60517018503732
"462",4.60517018593238,4.39964960678876,4.60517018474101,4.60517018247826,4.60517018598487,4.6051701858109,4.60517018548673,0.633337432142739,4.60517018571612,4.60517018572601
"463",4.51880463406689,4.53843462061841,1.62720994690896,4.43196158166366,1.85843104422395,3.47613352609081,4.60517018478312,4.60517018595994,4.60517018571076,4.60517018375536
"464",2.12594226950402,3.08461127326196,4.6051701853036,4.60517018562039,4.60517018581201,4.60517018594886,4.60517018502262,3.70316000666749,4.38201932662871,4.60517018570537
"465",4.19849663233965,4.60517018577377,4.60517018575919,3.670617759401,4.11587661401931,4.60517018598157,3.66350505723981,4.60517018325133,0.538800350597207,3.40431993158008
"466",4.60517018442888,4.60517018504126,4.60517018084458,4.48608340848684,4.60517018581372,0.858324776754653,4.60517018561439,4.60517018551004,-1.15819658390516,4.60517018437232
"467",4.60517018593971,4.60517018577254,4.60517018528697,4.60517018585191,2.78611809953389,2.74231602790865,4.6051701854877,4.60517018591047,4.60517018581636,4.60517018296935
"468",4.60517018421277,4.60517005803002,4.24708516110828,4.60517018435474,4.57930179627635,4.60517018558625,-3.7650924491125,4.60517018436048,4.6051701855034,4.60517018493211
"469",2.36312737348869,4.60517017341908,4.60517018590565,4.47839349640504,4.60517018590594,4.60517018591825,4.60517018592979,3.05763673986642,4.60517018594356,4.60517018531137
"470",4.60517018595806,4.60517018576068,2.3998895287604,4.60517018589728,4.60517018537887,2.56838003910096,4.44660991951593,4.15041797360993,4.60517018594945,4.6051701815893
"471",4.60517018582915,2.77563326077143,4.36353705764989,4.60517018569786,4.60517018463979,4.60517018588247,4.6051701842202,4.42249706948336,4.60517018578959,-0.161389829140894
"472",4.60517018598274,3.70781751630602,4.60517018594577,1.83245745456834,4.60517018582962,4.48556945564068,4.60517018564526,4.33486558515406,4.60517018112595,4.57494406305959
"473",4.41444285478016,4.60517017552329,4.60517016418062,4.60517018471651,2.62998209699016,2.83176254010122,4.60517018267114,1.13548038970799,4.60517018478963,4.60517017198525
"474",4.60517018442187,4.60517018598298,3.779295407529,1.89666267795405,4.60517018542514,4.60517018585698,1.97746580362232,4.60517018589834,4.60517018457474,4.60517018525135
"475",4.60517018457072,3.54142089052188,2.99331395671817,4.60517018576507,4.45454170264499,4.60517018546193,4.60517018568424,4.60517018566721,4.26713478290945,4.60517018591223
"476",4.60517017628837,2.98306535243106,0.293632962405226,1.96387791205539,4.60517018587956,4.60517018579519,3.16658391928078,3.32288357944864,4.60517018212052,4.6051701858252
"477",4.60517018596288,2.41545424060599,3.44003574222323,4.60517018559011,4.60517018502018,4.60507443588423,4.605170185191,4.60517018525267,4.60517018593357,3.16390846224795
"478",4.60517018523682,4.60517018589033,4.60517018560216,4.6051701834971,4.60517018527272,4.26194949249023,4.60517018496824,4.60517018598637,4.60517018594893,3.11753664263791
"479",2.70918544318788,4.60517018539952,1.50575115070226,4.46824644555178,4.60517018571818,3.43223257294072,4.60517018544535,4.60517018563709,4.60517018598763,4.605170185922
"480",4.60517018576092,4.60517018546764,4.60394437411502,3.84394586956437,4.60517018594444,4.08422828240519,4.60517018570786,4.60517001345011,4.60517018592364,4.60517018561487
"481",4.60517018576591,1.33315392319347,4.60517018593016,4.60517018592447,1.7817723800895,4.60517018558532,4.58797406997955,4.60517018586862,4.60517018494023,3.94957190894144
"482",4.60517018318649,4.60517018286208,4.60517018501061,4.11723585548568,2.98764963945228,4.60517018590661,4.6050622247039,4.60517018543675,4.60517018577665,4.6051701850196
"483",4.6051701859238,4.60517018580688,4.59219988256587,3.45309899739275,2.50763851884198,4.60517018524365,4.60517018398763,-0.0898837662576106,4.6051701850607,4.60517018597416
"484",4.60517018387775,4.60517018595161,4.60517018597688,1.08439301250727,4.18188706202184,4.60517018593914,1.56623477167262,4.60517017834985,4.6051701858355,4.60517018593233
"485",4.60517018577943,4.60517018553891,4.32504036796736,4.60517018597929,4.60517018591825,4.60517018583131,4.60517018473902,4.60517018586884,4.60517018489725,4.60517018367307
"486",4.6051701857311,4.6051701817689,4.60517018561978,4.60517018464261,4.60517018352046,3.75970035980816,4.60517018567728,4.60517018595269,3.34723481766839,4.60517018536611
"487",2.541908116527,0.541561383725043,4.60517018544207,2.72178643361998,4.60517015042617,4.60517018589266,4.60517018565162,4.60517018476157,4.60517018583624,2.74306966763011
"488",4.60517018545286,4.60517018390837,4.60517018587297,2.176838783137,4.60517018585981,4.60517018596082,3.15676024145658,3.17812519153664,4.60517018583469,4.6051701854393
"489",4.60517018592148,4.60517018495773,4.60517018457445,4.60517018285596,2.48717362865088,4.60517018305393,4.60517018491462,3.22422816865158,4.60517018534313,4.60517018083844
"490",4.60517018522057,4.60517018569888,4.60517018594383,4.60517018535439,3.93058269014509,4.60517018592288,-0.782623353946676,2.31810993942754,4.60517018586602,4.60517018552341
"491",4.60517018298394,4.60517018591025,4.60517018479223,3.60493643597335,1.43310498880988,3.57919011154406,4.6051701858634,4.60517018543125,4.60517018592505,4.60517017770957
"492",3.34087375666011,4.60517018532857,4.60517018486284,4.03374297108275,4.60517018271999,4.60517018588324,4.60517018530108,4.33217656099186,4.60517018462964,4.27038610869209
"493",4.60517018557221,4.6051701858339,4.60517018586962,4.43349801376002,4.60517018591509,4.60517018580756,3.07776384591254,4.60517018571266,1.88145098504588,4.60517017810833
"494",2.29228332283239,4.42463197116975,4.6051701859127,4.2727107094593,3.34897935425638,3.81857496436407,2.79775085722874,4.6051701857668,-0.460438961827805,3.93676920160611
"495",4.60517018587413,4.60517018539862,4.60517018416599,4.60517018579901,4.60517018562621,1.37823869619598,4.60517018591725,4.60517018371089,3.27242796594119,4.6051701859252
"496",2.80650373288735,4.60517018564328,2.36727567411613,4.60517018548708,4.31560310574898,4.60517017776608,2.77082735195658,4.56734899392696,3.85522661636936,4.60517018442669
"497",4.39815166177529,4.60517018401616,4.60517017992137,4.44482946149103,4.60517018414606,4.1673901919394,4.6051701848835,4.60517017406294,4.60517018594955,3.75443517591108
"498",0.509876218200549,4.60517018414777,2.70122778852995,4.60517018598467,4.60517018561553,4.60517018428747,4.60517018284795,4.60517018576724,4.60517018395509,4.60517018409616
"499",4.60517018513626,-1.85946541911059,4.34920961307108,4.60517018590445,3.11888777236747,4.60517016610154,3.55716196877058,4.50625735501066,4.60517018533765,4.60517018592749
"500",4.60517017829837,4.60517018596282,4.60517018443533,3.45986762801267,-0.607799238311301,4.48187583522832,4.60517018560666,1.57155266991735,4.60517014473814,4.60517018597508
