"","B01_50","B02_50","B01_100","B02_100","B01_500","B02_500","B01_1000","B02_1000"
"1",1.93934762126334,5.8513706263788,1.80282249029369,6.40799267495329,2.63209148689015,8.36585190381982,3.1166836761721,8.59224030890755
"2",1.71235085623724,4.90334197622781,2.27836367802053,6.88353385468716,2.9767795515026,8.71688118808453,2.63497933704491,8.17317449208622
"3",0.825419305517819,4.73744230738148,2.2948864733402,6.90005665908593,2.20905811572482,8.42366607656447,3.40487131395173,10.3126265360257
"4",1.90181434895143,5.813837350471,1.20607081194574,5.81124099459028,2.23434963673128,8.44895771109429,3.17216217382838,9.91093294268694
"5",1.29803692338468,5.2100599287818,1.12054690699105,3.41743499206657,1.91571688555331,8.13032498376151,3.24559106542551,10.1533462102753
"6",1.94866124999972,5.86068425268626,2.24447617371034,6.84964635921878,2.69972288735966,8.91433097608495,3.3655525495966,10.2733077163332
"7",1.35740521810516,5.05243821545572,2.30246503202083,3.89525281682064,2.79793734215633,9.01254542605523,1.69491402182553,8.6026692711589
"8",1.83933161469598,5.75135461889278,2.17993752259528,6.78510770777262,3.07448803237673,9.28909611457425,2.52576305159971,9.43351831828181
"9",1.72269912228079,4.92608963004341,1.64913712479293,5.12781144111987,2.31540762549679,8.53001569450345,1.53257020593173,8.44032537215776
"10",1.88113406944029,5.79315704787816,1.18345420987777,5.78862439483095,1.85136147674297,6.10819100886351,3.17169960437923,10.0794548308535
"11",1.72766838497587,5.63969138733247,2.30113620927666,6.90630638682845,2.9324511023035,7.2240786568218,2.72726069958037,9.63501589465761
"12",1.8475443616006,5.75956736634941,2.01838388403475,6.62355406197388,2.94191452701079,9.15652262005676,1.72844558146073,8.19584814589882
"13",1.74191838713625,5.65394139165526,2.1012837847462,6.70645397023293,3.01874808354626,9.23335606190392,2.7069339893734,9.61468922733047
"14",1.94416943851984,3.28061119294303,2.23034632780677,6.83551646930407,3.02903584360678,9.24364393631129,3.25744946672671,10.165204708455
"15",1.77288767281657,5.68491067665003,2.18501832415268,6.79018850985905,3.08537362988653,9.29998171116171,3.17487556578862,8.9427244935946
"16",1.36545085725524,5.27747385906806,2.23126491967058,6.83643500701702,2.0855519435699,7.97189670911445,1.96544306392786,8.87319814212651
"17",1.2138790144805,5.09436777702184,1.75185643043639,6.28795090830117,2.68756984814172,8.02970563802734,3.26899797329509,10.1767532118728
"18",1.80895576294535,5.72097876822258,1.96474661990774,6.12977455347621,2.97715245801123,9.19176054660062,2.21050585399905,7.50592508782131
"19",1.92768216510622,5.83970517016692,1.46500931779755,6.07017950156843,2.83010874440487,9.04471671273512,2.14221133775391,3.98760122947078
"20",1.91948804092923,5.83151099818625,1.45026485419922,4.53281017598043,1.94558251483215,7.67931099247483,3.44419210677131,10.3519473674207
"21",1.30740996030835,5.21943295929537,2.24219752505323,6.84736767827926,1.83282086503533,8.04742896017723,2.45327711579819,9.06656153666552
"22",1.23748729509425,5.14951027155072,2.27780202124148,6.8829722023048,3.09851588004994,6.80456266058769,3.28092491947132,10.1886801482201
"23",1.6442597902997,5.10150162835816,1.76250732828248,6.36767749709469,1.13618523658153,7.35079236154485,3.45076562703093,10.358520816151
"24",1.06641966721335,4.97844267229512,0.593886810829119,5.19905699355067,3.09163957225513,9.30624765234705,3.33153797545719,10.2392932100232
"25",1.56367005443472,4.1635568693185,2.15667976350066,6.76184991336042,2.4658896593088,8.19972565092951,3.44323003442571,10.3509853087729
"26",1.6646262599336,3.84220683545215,2.3025622030982,6.90773238519378,2.94676135841695,7.56724386705218,3.42658116319694,10.3343364384726
"27",1.91022262208261,5.82224562193704,0.50201332951093,1.09045570225422,2.60792202810831,8.82253011775452,3.2243412185976,10.1320963747189
"28",1.89661899552257,5.80864198318407,1.88504997892136,6.49022016368842,3.03019856886431,9.24480665474141,2.79740965337317,9.18469136989643
"29",1.60132765743673,5.51335065702428,2.20697333083217,6.8121435150797,2.85408425772573,9.06869233905525,2.80347745459096,9.71123259607577
"30",1.93360701329822,5.84563001539481,1.66354796603584,5.62616169003597,3.07472878554307,7.33798202071904,3.45264503370743,10.3604002747726
"31",1.94819063343789,5.86021363814463,-2.39686074064167,2.20830942607294,3.08604359970366,8.14770490730655,3.08951274130141,9.99726799838277
"32",0.220741528951692,4.1327645301193,1.73769431066992,4.07761139262763,2.25068924381759,5.43345132415482,2.53796200225656,9.44571722212663
"33",1.95544110478459,5.86746411017791,2.23955116966877,6.84472135447109,3.10322437748238,8.62133473119047,3.38543109994293,10.2931863557267
"34",1.95447825608581,5.86650125737062,1.47180546525934,6.07697565078718,2.70050282500608,8.84521253237006,3.45291400326073,9.27420500878532
"35",1.95046966254001,5.86249265998729,2.25513262635459,6.8603028108471,2.3790572782836,8.02555870734972,3.41619411524823,10.3239493636471
"36",1.66095379028998,1.72572001973518,2.298607935371,4.69206428864968,2.26639491538265,8.48100300402496,3.40458290363279,6.27818102299398
"37",-3.43257007649253,-0.726617724829516,2.08122504580911,6.68639522850494,-1.66410114178791,4.48523961626097,3.12947173514635,10.0372269955118
"38",1.67721370440272,5.58923665931533,0.973102808359002,5.57827299385852,0.489013308611675,5.86237966042887,3.3773139301619,8.78471087812534
"39",1.88786608775449,4.17272224304531,0.00599062813540745,4.61116081015297,2.91666440964684,4.04915016397376,3.30595661516736,10.2137115453729
"40",1.75161875589269,5.66364175974848,2.03452037424728,6.61091440076538,2.99485077480392,8.59000210614647,3.40009226599034,10.307847506473
"41",1.83957766811228,5.39365234430791,1.67348758415457,6.278657759607,1.26251179656606,6.34069432373849,3.28389112856564,10.1916462890598
"42",-0.391256581735551,3.52076642365925,1.25492238640358,5.86009256787609,2.96032981390039,9.17493789126144,3.15626571750556,10.064020990427
"43",1.57047944791475,5.48250211284922,0.584059597418701,5.18922978319065,3.0679337367834,9.28254183241648,3.4420545611257,10.3498097131383
"44",1.35476787500942,5.2667908776734,2.27405010716969,6.87922029141947,2.25575651150973,8.4703645882999,2.98751053654951,9.89526580711038
"45",1.95251127311501,5.86453427839945,2.25948036437295,6.86465054426159,2.89743946515699,9.11204755231807,2.03565704014659,8.94341230349141
"46",0.836873474300013,3.32513566077465,2.08163406075897,6.68680424638231,1.87116884597674,5.74823450698574,2.87250025444018,7.11053894418933
"47",1.95553062125314,3.13639438628057,1.67230318912277,6.27747331208388,1.83438793324785,8.04899600169011,3.32964836095437,10.2374036338
"48",0.988287594007282,4.90031059913625,0.24151719725738,4.84668738261875,-0.411084560597146,5.80352353564143,3.45196891725186,10.3597241881671
"49",1.95470452169545,5.86672752708638,2.20523940490939,6.06663700035661,3.05025207612545,9.26486017286095,3.21608218951519,10.1238374668035
"50",1.50197208573286,5.41399508727567,1.62047978324911,6.22564981103804,3.08988194231017,6.93056340195875,3.36162667781355,10.2693819103888
"51",1.84064180559697,5.7526647565274,2.29867480220659,6.9038448499356,3.10393559607354,9.31854368609652,3.34697731663334,10.254732593118
"52",1.75062321735023,2.99540049239901,2.14641747818582,6.75158765661546,2.32101432087416,8.5356224019294,3.44672769207205,8.03181261849591
"53",0.235172402567272,2.32971593937001,2.12607121182249,6.73124032215807,1.45331525443561,7.66792332005548,3.09854543243739,7.69043195716915
"54",1.36222270082416,5.27424570615542,2.21689983940095,6.82207000909585,3.05031341506344,5.08651924335123,3.44247531796145,10.3502305278759
"55",1.88611073337962,5.29995871360867,1.98977736801943,5.46702355679444,2.7095076667531,8.92411573752213,2.49751753412863,9.40527253007565
"56",-0.174941312197298,2.53842779876674,0.939653886782622,5.54482406403669,3.04085598475046,6.01323041798901,2.82806524674004,9.29867577914865
"57",1.48760963249172,5.3996326341419,-0.0995939759391575,4.50557620378416,3.04182276223833,9.25643084481834,2.19347900470984,6.13896358001443
"58",1.94558805652811,5.66276990283786,1.82691133064245,6.43208151509661,3.09348031490725,9.30808840085501,2.05985536642186,8.96761064370821
"59",1.94537250405843,5.85739550658577,1.92466930818948,6.40606666633383,3.10727220130428,9.3218802822135,3.45004277824796,10.3577979505951
"60",1.3288999477321,5.24092295030071,2.28526943667644,6.5559254280588,2.63651098571597,6.87794980883234,3.36247055156457,9.92682390159621
"61",1.89641638160681,5.10206767421264,2.15036720692201,6.7555373811803,2.56444735877733,8.77905538539244,3.45384699661179,10.2870536358073
"62",1.71488109729482,5.62690410253344,2.16438655238002,6.76955673517895,3.05664559380682,9.27125366708555,3.29247560243471,8.03465522653801
"63",1.04881676014027,-0.586297489230901,2.29820157310115,6.3470893027563,2.52393388473189,8.73854186665602,2.83511447103137,9.74286971211018
"64",1.70959628954741,0.738437523871539,1.80044118664873,6.40561136256748,3.10633511504858,9.22823758671615,3.22327260815962,8.66865469783204
"65",1.09123361694721,5.00325661777249,1.97889585613797,6.58406604142579,3.06574627234289,9.28035426679872,2.98772007603475,7.76708286606049
"66",1.08705595898447,4.99907895265837,2.28301718584495,5.66974582160387,2.48599838842318,7.22220633163488,3.12852496076391,10.0362802203643
"67",0.897881333292325,4.80990433404495,2.25212108200766,6.85729126499994,3.05228305517744,9.266891138532,2.7966914365353,9.70444670855989
"68",-0.436843088526857,3.47517990976871,2.1211495451238,6.68732879788564,1.84068167940057,8.05528977535289,3.44745318071591,10.3552083757241
"69",1.70939419400784,5.62141719891178,2.26936789732837,6.87453808194628,2.29744059322354,7.06917157942468,2.44188560167231,8.80743228818744
"70",1.02239261161325,4.62590256252488,2.1952092657484,4.9413905245369,3.02576603860734,8.58595202562236,3.29638028054376,9.45298821182348
"71",1.21720424358207,5.12922724721746,2.15133631356731,6.75650645082361,2.83921993103422,8.20950576664723,2.01616428895477,8.9239195463548
"72",0.384888566762868,4.29691157203507,2.30114746910674,6.90631763456649,3.09746826579953,9.31207635380343,2.14942569577113,9.05718080840302
"73",1.95035080294191,1.37897668949569,2.16181962638257,6.76698980956444,2.88640363953562,9.10101173014533,3.28987718608971,10.1976319128942
"74",1.17145728873965,4.03704333085835,1.53860836789089,6.14377849897296,2.84637445404218,5.67140707966331,3.21456888892806,10.1223241667492
"75",1.94335282900464,5.85537583386521,2.12694472322903,6.73211487779022,2.09723459973657,8.31184269312143,2.48276458358396,9.39051984393029
"76",1.49064254436485,5.40266554601098,1.84891567268167,6.45408585533535,1.42557684774044,5.69521421890857,0.547578230313775,4.43783612383459
"77",1.92875543818982,5.84077844349139,2.29435456706607,6.89952475162077,3.00065712478579,9.21526521809437,3.12179981363022,7.30640070225445
"78",1.93484211668954,5.84686511953274,2.27608893378243,6.88125911712463,1.37542336866386,6.65749920509199,0.208004025660102,7.11575912348201
"79",1.16477190027228,5.07679487189375,1.98428690541949,6.58945700229934,1.61750906076185,7.83211715422016,3.41420675857148,10.3219620021792
"80",-0.0241242280022931,1.99181179046955,1.49747773637127,5.71657662726348,1.99845329422749,8.21306131568815,2.24685559480793,9.15461078553506
"81",1.88792147254791,5.79994447763406,1.82374842600561,6.42891858818045,1.71778014590802,6.26485205635589,3.25406112434359,10.1618163091948
"82",0.902861183736718,2.35183762165513,2.1672302923555,6.77240047161726,1.72482445796925,7.93943241833989,2.84890406135492,9.50020868617207
"83",0.815816507173025,4.72783951049279,0.396050613165528,5.00122078994853,1.59644021436139,7.81104830717123,3.45222108308769,10.3599763388478
"84",1.79269741399641,5.70472041938987,2.10764437604674,2.43412900118902,2.08586763479389,4.68894111458326,3.35464820824882,10.2624027642732
"85",1.95592981517392,5.8679528190609,2.15012386848507,6.56958318053307,2.90156451913583,9.11617256907317,2.85392935200707,9.76168461880866
"86",1.17547050513059,5.0314612839715,1.98987813973775,4.99049670269778,3.08743907004168,9.30204678958506,3.36865858011925,7.26474998423032
"87",1.79464003600852,5.70666304121874,2.16535122508195,6.77052136702311,2.54156088386316,8.75616896038224,3.43815728674156,10.3459123936074
"88",1.06691783585465,4.97894084115478,2.24907605690878,5.92786995700089,2.84179901192113,9.05640708933981,3.39364102152331,10.3013962945257
"89",1.1512060945736,4.86507180674337,1.49931716183167,6.10448734730487,3.05652710996441,9.27113517650997,3.03395160493278,8.68154403187168
"90",1.14567898837586,5.05770199241636,0.262190148757,3.457618127676,2.61190026658511,7.93599767366686,2.60828391387156,9.51603919097136
"91",-0.264660390073011,3.40809064001711,0.546841898035083,5.15201208246854,2.31726133891107,8.01090889287713,3.37193937286963,8.26858868022987
"92",1.86600559402556,5.00757789562488,0.321172635303299,4.92634281674789,3.01597900189574,8.68284232326079,3.42438688430104,10.3321420189894
"93",0.430648583433069,3.6818911113193,1.36428181084854,5.96945191845921,2.15236133328995,8.36696942677997,2.64587366469493,9.55362878961341
"94",1.85577554532505,5.76779852074069,2.18519882894775,6.62376510169332,3.10552795331273,9.32013594766698,3.20441263804889,8.32435426453719
"95",1.49333719241222,5.40536019737437,2.26682374432592,6.87199392465385,2.43226279065073,8.64687087751281,3.4309385405802,9.44600406984262
"96",1.95558003527411,5.86760302679606,2.27891806377224,6.88408824522664,2.22575443818636,8.44036250381953,3.04982657351979,9.95758174112177
"97",0.899028505351204,4.81105150984796,1.86784229540575,6.47301247785381,2.96717254445718,9.18178061569006,3.1658286850618,10.07358392754
"98",1.54689747016312,5.45892046354685,0.0079871637140912,2.28732243669661,2.85982220558128,9.07443019790827,3.36291157403537,10.2706668521714
"99",0.79761981030785,3.59161889527631,2.2878548945279,5.8029611032561,2.73083978611243,8.94544787624886,2.75438441898689,7.22365484154466
"100",1.85712882189966,5.76915182334451,2.10031377586266,6.70548396116106,2.89510739758094,9.10971547570142,2.72290445537192,9.63065973243647
"101",1.28411070251177,5.19613364271345,2.14497038721541,6.75014057264266,2.4647101865495,8.67931826673771,3.45159562869947,8.98128792635566
"102",-0.0352936296628031,3.87672937306012,2.26490184205187,6.87007202172288,2.83176082992662,9.04636890295365,2.26421352862849,9.1719687413605
"103",-0.358078439079506,3.55394456595405,0.795945325308992,5.40111550972834,2.40275192015133,8.6173600009763,3.03675625625067,7.5836373525857
"104",1.73431127815835,5.64633428352894,1.69933821727645,6.30450840270298,2.85337686741792,9.06798493004027,3.43646888479486,8.47428300861952
"105",1.39070597389915,1.25939109156603,0.913143867457777,3.32769225566544,1.53842710714213,7.75292268672382,3.43948952022993,10.3472447857515
"106",0.88954159448641,4.80156459973569,1.8828545633552,4.41045645412841,2.81887828443172,9.03348637019144,2.53047981366444,9.29331314420142
"107",1.6981634174436,5.61018641661104,2.17711302628764,3.2931170319148,3.05921933538701,9.27382743349102,3.30700256378123,9.6994531428079
"108",1.53814611166456,5.45016911031136,0.387102481122838,4.99227266639413,3.06291705057885,7.22811332627282,3.42788235548426,8.94409210415529
"109",1.88678075192077,3.70697060045993,2.25138998236696,6.71168378767415,2.925847162661,9.14045509936295,3.14430964292922,10.0520649194768
"110",1.52247693357236,5.40361454250117,2.06249988603722,3.46551951420631,3.08584363629092,6.63738729182597,1.11185328676186,8.01960840631989
"111",1.898800610003,3.88742016675891,2.27810855047512,6.88327872749204,2.78357979187615,8.99818787741879,3.30946758388689,10.2172228343331
"112",1.80113642053259,5.71315942574617,2.1190242936363,6.7241944792019,3.10637200968603,9.32098010515966,3.29538036731003,9.9123644420788
"113",1.54768571614022,5.45970872085857,2.26704310121642,6.87221328543102,2.0069590077174,7.53262401999467,3.44933295950148,10.3570882357006
"114",1.9334314544293,5.84545445515864,2.06515579615086,6.6703258818138,2.66476522618655,7.56390410153898,3.15723187520382,10.0649871432331
"115",1.19057963661105,5.10260264087522,1.72550918770114,6.33067936486137,2.97255233122365,9.18716041154767,2.20910517425693,9.11686045069064
"116",1.81884196935519,5.73086497388623,2.29372934635549,6.89889953189574,2.78346785411077,8.78337857989646,3.45152603160625,6.34154175433844
"117",1.79896101198801,5.28042727168116,2.25047674971894,6.85564692293784,3.09940489171817,9.31401298868207,0.444790594815117,6.64007646646644
"118",1.95557163024745,5.86759462495267,1.62338130567782,6.0583561203354,2.30545639386281,8.52006269557069,2.82873844091125,9.73649371623333
"119",1.66779546551219,5.57981847069295,1.59459680805782,5.45322065118832,2.27838800701733,8.49299608487763,3.44320091252746,9.65903789620779
"120",1.9552936990361,5.8673167019891,2.26687710725626,6.87204729122004,1.61363848096079,7.82824657400369,0.645735371015462,7.55349064104962
"121",1.47042407576555,5.12527979642169,2.23522865428593,4.39349658397394,2.97369598829533,9.18830407670356,2.94435758889222,9.85211281631405
"122",-0.450405303396522,3.46161769794244,2.16058362421924,4.87163705389209,3.05274746463698,9.26735555007701,3.33026109165849,9.98633210249602
"123",0.0752748219415124,3.98729757435738,2.21361079564568,6.8187809795253,2.61807183001093,8.83267992791571,3.4531439024189,6.60081809271117
"124",1.69870071023355,1.69676376654466,2.29195014724873,6.89712032941236,3.09324588244289,9.30785386610603,3.33909995861097,10.2468548396463
"125",1.86434563670624,2.369037722664,1.82739831958047,5.19491957950893,0.772797495834709,6.97592039183462,3.41865304106614,10.32640828349
"126",1.928245114643,5.84026811938335,1.91439736398441,6.51956754534116,3.01578939378498,9.2303974800667,2.62393157670363,9.53168683646243
"127",1.71334565214883,5.62536865676295,2.29163275328135,1.99007820144742,3.08133217028922,8.30632122645096,3.37575752836358,10.2835127532278
"128",1.78072473458888,5.69274773237338,0.943315567885875,5.54848575286471,1.43469392563264,6.66159158512852,3.11616383206524,10.0239189595385
"129",1.13581661841282,3.99355658512926,2.28941752104302,6.89458770115998,2.75276899164709,8.96737667725273,3.36794616489044,9.73271033660603
"130",1.89167129097256,5.80369429593835,1.79834840805464,6.35833076980778,3.05810030040959,7.2128438768255,3.37657316244793,10.2843284409133
"131",1.9303227142284,5.84234571921706,2.0543392552829,5.86293598147698,0.533269817336816,5.64660709036997,3.44494831272868,10.3527035791593
"132",1.94753343940397,5.85955641907857,1.15696060572387,5.72787308219918,0.670876354860354,6.88548442626234,0.480069708176416,5.42394160198853
"133",1.95444314541326,5.86646614760589,2.30180347160349,6.15341719876533,3.01296611015471,9.15067285537168,3.41226127168954,10.320016422438
"134",-0.344283352230505,3.56773965275909,1.878336946272,6.48350713223132,2.95586251863301,9.17047034068628,3.45382183815605,10.3615769738825
"135",1.84670022792195,5.7587232327368,1.75025471388089,6.35542466402964,3.07907403200278,9.29368209161288,2.70969722219274,9.35674880910278
"136",1.82849775581392,3.42467665449418,1.89178585089807,5.44144799904291,2.96642305845501,9.18103114296724,2.94412793684967,9.47737280321394
"137",1.20691557273717,5.11893856529814,2.09179468289223,5.19780062316352,3.05068626693452,6.97203660875601,3.06115717892635,8.620422672362
"138",1.8581335929813,5.77015659736033,2.27037145156825,6.87554163740535,2.97933278136088,9.19394086927298,2.60378371434808,9.51153884240375
"139",1.9542018059587,5.86622480951596,2.28495715552181,4.23996833666946,1.65897755792906,7.87358562141918,3.35241631116992,10.2601715260273
"140",1.90466349983787,5.81668650158786,1.75181841138141,6.35698859175727,3.02249137358342,7.3856189158156,1.75935566514215,6.46479703054888
"141",1.91626352449981,5.82828652974911,1.30741374144043,4.05617460611248,3.10441347373819,9.31902156566514,2.61236959126882,8.0684665150327
"142",1.10810309743265,5.02012609896433,1.77763839404597,6.34222468312306,3.10484409793486,9.31945219197729,3.38561028540676,10.2933655601481
"143",1.9405584536218,5.52984849757993,2.00310702775585,3.79800798037564,2.53971573054633,8.75432382873862,3.43228219451908,10.3400374426607
"144",1.94885117785233,5.86087418319885,2.0357092645722,6.64087944786685,3.10392422656662,7.18441594081196,3.39608591492163,10.3038411797194
"145",-0.264257526783581,3.64776547745793,1.77842176899621,6.38359194352493,1.80580705492173,6.24251794323834,2.97766046510981,9.88541544740303
"146",1.78739457867363,5.69941757735885,2.00889861839738,4.70686885456215,2.79265885702779,9.00726693410661,3.18061614539454,7.69592997526081
"147",0.628340499554298,3.90677158215301,2.19255457294459,6.79772474992522,2.74823313035489,6.9519367079302,2.66274481660707,9.57050006293127
"148",1.60367263467891,5.51569563915881,2.27938665395118,6.81807465698974,2.37466784581136,7.54209497932032,3.32123654671886,10.2289917682257
"149",0.391679206236283,4.30370221153577,2.26602543898514,6.87119489169763,2.58089820294998,8.79550628316019,3.03256472378041,9.04866236235296
"150",1.56279569989388,5.47481870207477,2.15376031160751,5.64147995683624,3.0818392788546,9.29644734726793,3.115094469018,10.0228497458327
"151",1.95428802473781,5.20615531117428,1.61073379443432,5.94587378767061,3.10656284938284,6.61522083107263,-1.1301121268516,5.77764307165273
"152",0.943950733958953,4.85597373328102,2.05871153786057,6.66388099156114,3.06753410498993,9.28214219551148,3.4393894181427,8.18475497757925
"153",1.40682850927162,5.31885151369793,2.27305839537055,6.87822858049678,3.09350950536634,9.30811758154715,3.15742760972284,10.0651827896113
"154",-1.37460497927523,2.53741802526208,0.892809364790381,5.45931693250374,3.08936930342787,9.16806963145393,3.45001248381357,10.3577677072105
"155",1.18239422270122,5.09441722793571,2.26500832925893,6.87017851440797,2.54845979399471,8.76306788906646,3.44631390028519,10.3540691518513
"156",1.9482690739482,4.11324138334923,0.845798834599364,5.45096901961692,2.98791620860561,9.20252430681546,0.345572968778811,6.4938381066961
"157",1.24251649795262,5.15453950329943,-0.101734124257845,4.50343606109692,3.00952237593856,7.95124800306883,3.44070346420665,8.05391170176392
"158",1.95055570281966,5.23204716654129,1.6637729086704,4.6385154526495,3.07484312090844,9.28945120898516,3.44975156532587,9.3249225442695
"159",1.88296164330024,5.00480683670744,1.98972445669133,6.59489464237932,2.52122528898548,3.74069696863728,0.366817342818763,7.27457250510929
"160",1.68954815457875,5.60157114750371,2.29103296655917,5.65970134089039,3.09714136672198,5.90315765348646,3.4454197772186,10.3531748755628
"161",1.56867307932578,5.48069608399397,-0.812573699654166,3.79259647769682,2.94490677995117,8.61665627939084,1.96479562449156,8.61258043539533
"162",1.66476647465182,5.57678947954957,2.09509347942584,6.70026366501965,3.105657960972,8.99799455733188,3.25567244608715,9.80962616150657
"163",1.95476024665459,5.86678324871792,2.29641470571457,6.90158489047467,2.81209817772771,9.02670565458692,3.45387479371129,10.3616300713358
"164",1.05897495630842,4.92735101287718,2.1366874643531,6.74185762047075,1.92447341654457,6.66003732427191,3.44214440000246,7.45956398338853
"165",1.84490264554406,5.75692564739399,2.08569727900149,6.69086746019198,1.50031578027966,7.71492386805068,3.32799681237236,10.235752081271
"166",1.93856602776716,5.85058903315137,2.1924845689085,6.07012213909874,3.08269784911903,9.29730580546357,2.57615771176256,9.48391298361594
"167",1.04601261134096,4.95803561625139,2.23117334041976,6.8363435251092,3.10727630556323,9.32188435656053,3.15141707639361,7.47304762406804
"168",0.873422447944129,4.78544545311612,2.30252795519105,6.90769813238865,2.57653056218209,8.79113860655474,2.94262751052429,9.85038264782736
"169",1.88624725484102,5.79827026019007,2.26859637234065,6.87376655630189,2.83322722180981,9.04783528904613,3.44678382564143,10.3545389895189
"170",0.229773815898277,4.14179681852661,1.02148888246766,4.3808036600792,3.10465877081344,9.31926685294047,2.66816855677587,9.57592343695194
"171",1.72486599335534,5.6368889964732,0.18560251329373,4.79077269834983,2.86014161131703,9.07474969452255,3.44876978646994,10.35652504295
"172",1.33692530525217,5.1788623576341,1.50110152114873,5.95991361266776,3.02724105502676,9.24184913466894,2.83564812151246,9.74340333864575
"173",0.628545233216126,4.54056823631214,1.96193333771565,6.56710298407985,3.09658747508598,8.211484137414,2.86033613936615,9.76809141553736
"174",1.78716918825447,5.69919219175478,2.30139593683795,3.40518392855313,3.05775927699614,9.27236736634711,3.16811799541608,10.0758732698675
"175",0.658433269575248,4.50134912318844,2.2970281647803,6.9021983472478,1.38872099445973,4.47668380285506,2.5395333833618,9.4472886390264
"176",1.9156068497682,5.39218174907352,1.52038507564447,4.53651742189844,2.84974881171195,8.84955908385467,2.97902336352934,3.83765754914907
"177",0.507943353279231,4.41996634440183,2.29184977012622,6.89701994967251,3.00351081502265,6.94119946473012,2.7630588479791,9.67081400206973
"178",1.47384409842843,4.58156508809121,1.72548760808708,5.92954002161321,2.80198393238356,9.01659202647534,3.13092333757857,10.0386785323035
"179",1.95307744470106,5.86510044598919,2.02251334950596,6.62768343846186,1.78389813790517,5.73707893712577,3.21328148559985,10.1210367516563
"180",1.74756628760143,5.32889200792675,2.09057683591617,5.88233907086642,1.14925232202148,7.18307910476221,3.18485779232753,9.41416041324339
"181",1.9497171889714,4.05696267180898,2.20716051527668,6.8123307003972,2.53691434187903,7.15903727214476,3.40123114019798,7.9126306384054
"182",1.95588457643016,5.86790758174257,1.78824581251151,3.35412229227771,3.06993461061938,9.28454269250074,3.05215217019861,9.959907446736
"183",1.93993510019594,5.85195809674186,2.27250426201692,5.33422855795479,2.71579677673407,8.93040486455186,1.2813079916217,6.00925025074605
"184",1.6052713368028,5.51729433532373,2.08045215936106,6.6856223437055,3.09630027726149,9.31090836544314,3.43129164416905,7.9784888319698
"185",1.93916531810001,5.85118832329856,2.2627334291921,4.7535753433939,2.61659378160715,8.83120183311866,3.41537521689668,8.95791202495809
"186",1.82665425282876,5.73867725720707,2.2879761411467,6.89314631474598,2.35150291197601,6.92718896121988,2.2817313157633,9.189486537628
"187",1.87227696006497,4.17461070349083,2.01804315425269,6.62321334001589,1.94829598281143,8.16290406629901,3.17593060353761,10.0836858391087
"188",1.93706902045436,5.84909202195411,2.29492489169338,6.90009505236721,2.97330868385512,9.18791675332795,3.28768895802079,10.1954441694464
"189",1.93303558071609,2.91470423929042,1.67109586486718,6.27626605022706,3.0214111458348,9.23601921221689,3.27643243010721,7.09730181168663
"190",1.94113058501273,5.85315359023168,2.08775822126118,6.69292840349929,3.01116602454022,9.22577409867455,3.3623940538879,10.2701493257636
"191",1.29203770807407,5.20406070464472,2.11830711534266,6.72347729278059,-0.0303045058487897,6.18430358868557,3.33184297334549,10.2395980867022
"192",-2.28250392820544,1.62951907690874,2.20720405965299,6.81237424143835,3.03432930841996,9.24893738631158,3.31179484788902,8.61841715559103
"193",1.8715753101998,5.78359828449163,2.29984356024099,1.17269565839099,2.78437305419345,8.99898110979251,3.25926533965162,10.1670205791668
"194",1.40633570572562,5.31835870875277,1.46488905313109,4.8337658326414,3.06022344134033,6.52890876817548,2.77628353529258,9.68403870053305
"195",1.36993648378309,5.28195948426826,1.6686584653302,6.27382865128669,2.73835325032451,8.95296123640355,3.03795166905206,7.33079618540853
"196",1.13487193406063,5.04689493881762,2.24683509854125,6.85200528322423,3.06699344187223,4.24318010103195,3.42734581927516,10.3351010435287
"197",1.94352028592751,5.85554328271454,1.59596883453014,6.20113901990261,1.92396599971914,8.1385740381989,3.263001097386,8.44483541811803
"198",1.86485771687954,5.77688072118513,2.22131411638479,3.3701868624083,2.53784949225775,8.75245738688238,2.96956537612141,9.87732063099634
"199",1.65183219599704,5.56385519081555,2.14400714068418,6.74917732255761,2.9366298129612,6.88163515264142,3.30034772621514,10.2081029428687
"200",1.56852651581749,5.48054951987973,2.29707153470362,5.09229958410835,2.92123593055697,9.13584402856713,2.86495191945198,9.77270714220151
"201",1.92425928347313,5.83628228779719,1.8780599314677,6.48323009239289,3.09672986731943,7.04676654618083,2.60666558219418,9.51442085819076
"202",1.39826713508759,5.31029013942697,1.9148737382052,6.52004390823889,1.27274844533457,7.48735642259101,3.43582276643724,10.3435780410655
"203",1.87436353523284,5.09398529007883,2.28071751469137,5.10034420563315,3.03414744710454,9.24875552423975,3.25634344807509,10.1640987232554
"204",1.70406643383006,5.61608941856512,1.58760847765357,6.19277866133638,2.91377807006018,8.42945897625498,3.07941347363374,9.987168741304
"205",1.80520010876617,5.71722311342734,2.16856761690039,5.23997603921583,3.10680241043491,8.78235457088499,2.61662055511135,9.50978990317981
"206",1.95274471030586,4.32179283938695,2.29831618326651,4.59984719171983,3.10727344064588,2.90368561949782,3.45386318274507,10.3616184421821
"207",1.94982886902765,5.86185187215583,2.30258359390758,6.90775377966418,3.10546688645104,9.32007430148343,3.45289506991389,9.38524942297647
"208",1.32103360059914,5.23305660576225,2.08941430621552,1.89291824282388,2.85953197911743,8.11002293682515,2.88337907174434,9.79113428072526
"209",1.94896644433792,5.86098944667258,1.75718913902195,3.54235938705619,1.65128253163869,5.83954473715198,3.45133922021523,6.56324035316106
"210",1.95574444022575,5.86776744455365,2.30047099852109,6.31644612044563,0.815886269282657,7.03049436132028,2.99350716147501,8.95420412387455
"211",1.46062643043043,4.54347171363253,2.14672176991355,4.7922260901456,2.59910417220362,8.81371226007877,3.44042435094502,10.0344763670349
"212",1.43027543557269,5.34229842430033,2.28994121343131,6.89511138623966,1.64647314723112,7.86108111548043,2.39319656203133,9.30095183598166
"213",1.76040594226791,5.67242894705829,1.96318939920164,6.56835958410841,2.2750726472475,4.12333096745675,2.99891027769763,8.8289738354564
"214",1.42686670598255,5.33888970481622,2.10295879799862,6.70812897129865,2.93632029599377,9.15092831512425,3.44835343927559,10.3561087155747
"215",0.677995933808596,4.45723850346371,1.8134964733441,6.41866661135487,3.04262554634761,9.25723363889063,3.27544495280949,10.1832001080535
"216",1.35278052537487,5.26480352120802,2.22694971879098,6.83211990304659,2.98179701680198,6.83894545808084,3.45381206165973,10.3615667074674
"217",1.34391834255949,4.87732102860261,2.15001649981839,6.7551866832528,3.09788077147988,9.21007712261945,3.38455191291371,10.2923071913418
"218",1.92918266081731,5.84120566595623,2.12446005963902,6.44382171808654,3.00562726964449,8.88775695430672,3.38558279573556,10.2932016536425
"219",0.515170386526279,4.15808772535932,2.28253735769428,6.88770754178528,3.0378179925184,9.25242573086433,3.00872705154427,9.91648218332307
"220",1.53985783552715,5.45188083979013,2.15864307462435,6.35648504290032,3.03546412412317,8.93550044860018,3.26762779217916,10.1753830500481
"221",1.43479787913692,2.8197133549373,2.2866329888605,5.40143619707254,2.24661188821625,8.46121997178329,2.418997444816,7.35369040360172
"222",1.95333479473768,3.43965376717949,1.82985744485792,6.43502762983188,3.01854288065135,7.14576514458412,3.44867972350642,10.3564349469389
"223",1.23944941477745,5.15147241588866,2.06147820170196,6.66664838651452,3.04972565430734,7.81549402541367,3.44990866076387,10.3576639352081
"224",1.46902649015417,2.91944192041066,1.85274404677008,5.20658947561455,3.05733770385154,6.33917271066321,2.78201861898515,9.68977384077664
"225",1.5088163236293,5.42083932891553,2.29506279608999,6.90023297164183,3.10708174541708,6.61785267920163,2.98424189098728,9.89199711572383
"226",1.36512938701535,5.27715238769079,2.24080674412512,3.4932617992369,2.69136208773807,8.90597016918048,2.90818559116803,7.90261944316615
"227",1.74914261441883,5.66116561894795,2.29996442750473,6.90513460424334,2.40171757924531,8.61632565963799,3.45045497513013,10.3582101983624
"228",1.92750168229616,5.83952468646898,2.27685472645845,6.88202490861346,2.08149366179344,7.90237387594152,3.32368957510403,10.2314448487035
"229",1.6076766866937,0.2639322846684,1.78928327083942,6.39445345321857,2.89084858626364,9.10545665020356,3.45124555991936,10.3590007503118
"230",1.80994379443673,5.72196679979115,1.87886197469011,6.39318293400473,2.63914951708608,8.28062094164051,3.24618172532928,8.78158652318814
"231",1.94571919928642,4.45999908695058,2.29174957445601,6.89691972106274,2.95032324885869,6.92955532065992,2.92668291668156,9.83443816390616
"232",1.59418921384054,3.95711943878629,2.26496625431561,6.870136439985,2.91682337415483,9.13143093756389,3.42872818994442,8.94917717034707
"233",0.324248999477959,4.23627200362441,2.13679123264701,6.74196141296734,1.67190345294335,7.88651153825549,3.31550600679839,6.50831731764595
"234",1.93643021163347,5.50116017579914,1.94506968093982,6.55023986518886,3.00383245869722,9.21844049711439,2.85216071253899,9.75991593470326
"235",1.91202995522758,4.29661303364936,1.41937651853455,4.65972674977876,2.89466194518332,9.10927003085618,2.98854372649146,9.89629659081265
"236",1.92627024519381,4.83036630398082,0.961220567137929,5.56639074016356,3.1019121446995,9.31652021729246,2.83285809971153,9.74061337495641
"237",1.93536766040543,5.21328080811637,2.24613294894804,5.51346024088711,2.98605542564763,9.20066351555829,2.88006402734322,7.78508688491308
"238",0.617277451422247,4.33628896743817,1.60597587015042,5.77446000546702,2.93571299747191,9.15032108665309,3.06437094464457,9.97212621624772
"239",1.88563229841589,5.79765529407813,1.7363642615404,6.34153444617912,2.30188920212606,6.73459998302707,3.31665065731738,10.2244059251866
"240",1.94660969223899,5.85863269719401,1.4659057532343,6.07107593773729,-1.21197890603207,5.00262918622184,1.54950050176444,8.457255506102
"241",1.80190695844215,3.94698156527911,2.30160397694824,3.80636962105898,1.53142327404549,7.26820895797397,2.30028132697589,9.20803658834689
"242",1.29394417826867,1.65126230904677,0.0495528709449219,4.65472305618196,2.01668758029251,8.23129567081298,3.22204307376137,10.1297983499994
"243",1.90599627346314,5.61120250217997,1.30558608101919,5.91075626685542,2.67168478185721,8.88629275819682,3.45288081421938,10.3606360451248
"244",1.26859801984476,5.18062102453029,2.14429256495734,1.86869164979257,3.10630819877821,9.32091628057583,3.38551105297995,10.2932663274842
"245",1.88436252216036,5.69273113706195,1.01381021951114,4.10690405379796,2.36946441183102,8.58407251001495,2.84654732953527,9.75430250801003
"246",1.61248346196952,5.52450646724719,2.16982531670597,6.77499547909326,3.00024225326968,9.214850341839,3.18354638429207,8.02778486765749
"247",1.90337708489088,5.81540007894107,2.21186425706256,6.81703443442142,3.06845665309754,4.63615829965858,1.46281993025207,8.37057509432941
"248",1.94367590916397,3.49187806883365,1.89059930464664,6.49576949060922,1.30676143705324,7.52136952339424,2.78646632953792,5.10994077890928
"249",1.51661881441745,5.42864181983228,2.23128425834166,6.83645442595349,2.90963010266341,9.12423819973105,3.4250375455257,10.3327927325423
"250",0.479899869503484,4.3919228739878,0.103585470600422,2.87056158893476,2.40397269106387,8.61858078912974,3.20770116227095,10.1154563898882
"251",1.81616901335475,5.7281920181152,1.8174026965351,6.42257287072754,1.9321943339944,7.17624118448958,3.0608014102952,9.96855666673446
"252",1.82453376005075,5.73655676482154,0.674648653546399,5.27981883736575,3.06389852419522,9.27850651762981,3.00266289640524,9.91032869785079
"253",1.65936002662858,5.57138303033662,2.30183865456824,6.90700883839207,3.0766633293012,9.29127142704323,3.44321361817356,10.3509687537266
"254",1.2529501461092,5.16497315091462,2.2737771690682,6.87894733772643,2.65547555471136,8.629998085625,3.37847086456134,10.2862261349266
"255",1.08299819836905,3.88717834261292,2.23965627494664,6.84482646018591,3.0829594869611,9.2975675650037,3.03048531428669,9.93824054743789
"256",-0.842939947143712,0.760061135974432,1.16335652878104,2.30974948487507,2.74127351540773,8.95588158069967,3.00408561420022,9.9118408389462
"257",1.21944669843805,3.35371061142438,0.033069258657818,4.40343610020969,1.68437123148601,7.89897932397622,1.82215544560154,7.29343815188031
"258",1.81169806537988,5.72372106944704,2.21015312410965,6.81532325679225,3.10632699940277,7.21914088303214,3.44114805740912,10.348903330275
"259",0.175663881399728,4.08768688596324,1.38356271471561,5.98873289055139,2.94316806845836,9.15777616331604,1.35370633641003,8.26146150850434
"260",1.80769442295348,5.31688591677208,1.17743437453807,5.78260454758588,2.60561592187969,8.82022389273715,2.95736316918317,9.86511838685453
"261",1.93968151489062,-0.243749474854241,2.21948624077079,6.8246564218958,2.91599060715839,9.13059868710934,3.33643405773375,10.2441891934905
"262",1.38527691303145,2.90164258134372,2.30130269574826,6.90647288125824,3.05968660614803,8.439362654072,3.23624396361743,8.31823717011002
"263",1.51409662879748,5.05022342610312,1.95152930380087,3.72499068826593,1.57201458098797,7.78662266133966,2.26221285178497,9.1699678861454
"264",1.7118449198611,5.62386792321858,2.28976410930682,6.89493428014001,3.02594030922086,9.24054839985035,3.3571414182037,10.2648966941258
"265",1.91353063937172,2.9177014260692,1.66004215598326,6.1368824658329,3.09928433957668,9.31389232697194,3.41712640623916,9.75497338356138
"266",-2.1908759217222,1.72114708282018,2.29617821081352,6.90134839640511,2.93677408997689,9.15138214860201,3.03847662573787,9.94623190287371
"267",1.71873022518007,3.19145100195895,2.30205012342735,3.71735753334468,2.96507638258538,9.17968447206135,2.05581830853919,8.35425088422869
"268",1.3073271603471,4.97872879075271,0.067509716162732,4.67267983474986,0.453720827677444,6.56228048819031,3.34721899764713,10.2549741282471
"269",1.94727636159578,4.94547715274945,2.2530963265461,6.85826643371519,2.96998128243541,9.18458936407023,2.8478038693745,9.75555909205525
"270",1.4585864070641,4.03248094720298,1.46232950746422,5.83277552161616,2.93183017583038,9.14643819634949,3.36806079937901,10.2758160754637
"271",1.29660567481033,5.20862867723274,2.15715563289619,6.76232581151754,3.03433253748784,9.21789726267201,3.40214419115387,10.3098994492905
"272",1.90007955051632,5.81210255016312,2.13306220984796,6.73823239304282,2.09608223094199,8.31069032060446,0.721475817830765,7.62923109509336
"273",0.447590197177035,-0.0891459745078222,2.30054577598588,6.90571596002934,2.79973210588025,7.83347242475651,3.39751594205677,10.305271215997
"274",1.59793412248203,5.50995712739936,1.73437010419065,6.33954027841962,2.5796942949965,8.79430238837455,1.61944555898242,8.52720082635278
"275",1.83842111736745,5.75044412264842,2.25297721769009,4.77148560734838,1.26660082746298,7.48120885069886,3.44511314276633,10.3528683574588
"276",-1.21950329244465,-1.48558413708743,2.15643642724396,6.7616066129095,3.07607634637566,9.29068443811389,3.39678321976396,10.3045384104652
"277",1.83769561344685,4.37275498232236,1.07586369706171,4.52760805800033,3.09322779216376,9.30783589021985,3.24234316927857,10.1500984187692
"278",1.95572946832909,5.66491583344391,1.4846062217981,6.08977640752622,3.09882907234635,9.31343715874522,2.96542395792517,9.87317914998346
"279",0.929458019639441,0.779101428338691,2.17781498606739,6.7829851620471,2.93716833230252,9.15177626257719,3.40350232407513,10.3112576008082
"280",1.46211313406065,4.34878662866045,1.16449715681627,5.76966734192773,2.84439845401062,9.05900653738087,3.25120756287095,10.1589628369883
"281",1.90128701665787,5.81331001158059,1.62132743835515,4.93691760836251,2.05996451675105,8.27457256449077,1.17438110615956,8.08213637420374
"282",0.911595038079344,4.75775041320109,2.25586361635973,6.86103380190212,2.71426304726481,8.33019420078148,2.99948178781062,9.90723694725716
"283",1.83469535044799,5.74671834888127,2.17153210724337,6.38707915411389,2.98811947749726,7.77849066103011,3.3352612443631,10.2430164819211
"284",1.94800012257804,5.83605284904657,2.25522027262417,4.31964945521321,2.99634445813439,9.21095254371255,3.45060342958459,10.3583586085829
"285",1.93637394010491,5.84839689559651,0.890809290875126,5.20933037236655,2.5914041870227,4.53543821549403,0.446239675981133,4.63761470710722
"286",1.53928538080615,4.28012231768225,1.76509250367153,4.56102707281032,3.00501722746185,9.21962532568864,3.44289984010129,10.3506551152863
"287",1.68807024238571,5.60009324645656,1.15004872079682,5.61273196040867,2.3264537897665,8.54106185447171,3.19469422160137,9.65160501621517
"288",1.94192687943705,5.85394988447969,1.80529255431311,6.41046263675658,3.06093458067818,9.27554267827901,3.34093931961479,10.2486945032849
"289",1.95565865671422,5.65423083279503,2.22701975508093,6.83218993798332,2.01913244835225,6.77935327234894,1.88672209300557,6.85307825483676
"290",1.94412711175966,5.62997162209455,2.19824229912477,6.80341248409108,1.55250774873821,7.76711583809544,3.23543798004653,10.143193019666
"291",1.91666449680638,5.8286875016037,2.27734126581623,5.60194026523718,3.09991209593187,9.31452017624355,3.39991768669245,10.3076729196846
"292",-0.325969560169526,3.22221060058434,1.49558734190056,6.10075751196034,3.04029410170023,9.25490219274008,3.26954429085151,9.84639965748215
"293",1.80438793912685,5.71641094230553,1.67147465332341,6.2766448340373,2.89513233623688,7.72022602562504,3.4491876404777,10.356942718027
"294",1.29710485949103,4.99659441097642,2.22459918717107,6.82561938616885,2.95171921904716,9.16632730356594,2.85288229152241,9.76063755237351
"295",1.29680325733744,5.20882626013255,2.23399842267408,6.83916860757988,2.65360993790313,8.86821801472144,3.3266818610075,10.2344371206465
"296",1.57121586842044,3.89342891610917,0.893900425631116,3.37463412646812,1.64959200671831,7.57753371469141,3.42195069102877,10.3297058991802
"297",1.68320560353233,5.59522860386377,2.29074975992756,6.89591993971393,3.08440088280668,9.29900890138867,2.77476121296547,8.47407875633326
"298",-0.534232698985249,2.3810954000191,2.11877056646553,6.72394068177699,3.10730391561498,9.32191200252606,2.98731529140048,9.89507055980266
"299",1.36870942243762,5.28073242764935,1.48707768156005,6.09224785955283,2.74690742961798,6.2695879700297,3.22250399712948,10.1302592655254
"300",1.78258367878325,5.69460668344325,0.937664623991125,4.25622000405349,3.09787006272796,9.31247815399564,0.697241367226866,7.60499653148838
"301",1.8928860313081,5.80490903508094,2.28185528293756,6.88702546806441,3.01672779886599,9.23133589377306,3.43958123681068,10.3259667409774
"302",1.93900694075807,5.70466883600535,2.08566979537972,5.28358177417653,2.69755294669261,8.91216102870931,3.16075827659768,10.0685135054085
"303",1.95504045787304,4.89731650989962,0.545029228466447,4.59236146640951,2.89517477160791,9.10961447765033,3.43315993904162,10.3409145957933
"304",1.57576334571545,5.48778634997995,2.27351269237597,6.23058171068764,2.78271997347696,8.51061091846094,3.42671566676256,8.0710355586009
"305",1.83708220129235,5.74910519535333,2.27306298076111,6.80686431559563,2.24130487772715,8.45591297271471,2.82132210151553,9.72907737870241
"306",1.90475785872468,5.38113565920452,1.87519459326428,5.55093845157232,2.92507489350908,7.31101327707933,3.44364756559332,8.49429512322581
"307",1.67809722534862,3.15418343473406,2.24617565836709,6.85134584296149,3.1066386766737,7.48437207938252,3.41556892610913,10.323324159733
"308",1.88202545576716,5.79404846107998,1.97155144029679,6.5767216255981,2.58899571227448,8.8036036146641,3.44153042391122,8.78450419754495
"309",1.41440217846929,5.32642518349723,2.0571746670274,6.66234485287863,2.23325563341518,8.36200974222572,3.35382237845454,9.55669939189875
"310",1.94904956457547,4.26721329963791,1.95662074946554,6.27783936637999,2.6548725039932,8.86948060096734,3.38844144212158,7.75520163084332
"311",1.95315557972222,5.86517858492049,2.27245088181387,6.8776210418843,2.88882791251729,9.10343600695342,2.79655741123463,9.70431267361403
"312",1.88502488847131,5.79704788102305,2.29506301111562,6.9002331966341,2.69289829714575,7.97455937672936,3.4027715127803,10.3105267469132
"313",1.29276818884843,5.20479118278659,1.25450338282799,5.85967356842364,2.81401081416709,7.2450874331829,2.96401534891925,9.87177062267688
"314",1.94853826253598,5.86056119602289,2.12612645887499,5.23894788373441,2.74834129290417,7.72951582175932,3.34273005768773,10.2504852781817
"315",1.39629096350571,5.30831395556491,2.23229016276132,2.566499721811,3.02779991728397,6.99789336655732,3.27344190061206,8.11661113939908
"316",1.9445397784971,5.85656277904167,1.92656888343815,6.53173906552735,2.713411579916,6.36332678530817,2.58204663868617,7.3639704598844
"317",1.78204050567246,5.69406350489386,2.28185850347535,6.88702865895567,2.614173418321,8.8287814469968,3.38624888020161,10.2940041453112
"318",1.88828202731302,5.80030502523626,2.26197235153212,6.86714252459349,3.06875384608179,7.08684036203067,3.10822916248856,10.0159842711904
"319",1.9121260705524,5.82414907554686,1.99454055928058,5.52171608200962,2.14979844107819,8.36440653398535,3.34676506690334,10.2545203356242
"320",1.75777195506468,5.66979495417679,2.12003104024788,6.72520122578787,3.09859680270603,9.3132048970466,3.11096516213206,10.0187203257794
"321",0.115625222599014,2.49726556973889,2.29594310544923,5.76964974218131,3.09809276674082,9.31270085922955,3.36362137094477,9.68996831084303
"322",1.69418141465785,5.60620440049275,1.0736341426912,2.50332288335534,2.43647685372758,8.65108494345338,3.36970681260084,10.2774619844082
"323",1.94167736131516,5.85370036545113,1.61647250439162,6.22164267462807,2.97091633952687,5.40268580615555,3.33956965436096,10.2473248554571
"324",-1.53522123481046,0.772895643553305,2.30255995395601,6.90773013992595,2.08242128683264,4.9977748110374,3.39312458108907,10.3008798514794
"325",1.53234977880515,5.44437276533827,-0.261520397060437,4.34364978649742,1.67239732500042,7.88700539101694,3.01192598821183,9.71254004377931
"326",1.05407453212395,4.96609753731464,2.29064164552042,5.61033312443219,2.76920803836799,8.9838161300782,1.7854372820085,6.84774860715856
"327",-0.0092090424884717,3.9028139612615,1.78255775584785,6.38772793375793,3.10675421322077,8.92095123364203,3.22241689002954,10.1301720889364
"328",1.82184372818841,5.73386673034614,2.20660865834206,4.47272108735085,3.06308453454528,8.51631778070828,3.29094511523977,10.1987003891148
"329",1.95595081011167,5.86797380201648,2.27410448908755,6.53298814414855,2.7445853132777,8.95919339013852,3.28863308907285,7.29831258019465
"330",1.95502618035052,4.65203518534983,2.12439748256593,6.7295676514285,2.90274837212411,9.11735645837092,3.34397658291789,10.2517317911062
"331",0.837871661767146,4.74989466666009,2.28729981832366,5.47507995203354,2.84161774216426,8.17577321724559,2.3248965349286,9.2326517725927
"332",1.15571963276653,5.06774262934539,2.28076119312352,6.8859313779173,2.89413168843402,9.10873978632407,2.93510158563254,9.39722930542916
"333",0.648339066494124,4.29676580014269,1.52603629213807,6.13120647689121,2.00012402809369,8.21473212578684,3.39697550861524,10.3047307664687
"334",0.742267299009555,4.6542902993596,-2.36198461218237,2.24318557064549,3.10728374427839,8.760343131225,3.12118702385681,8.42576174240503
"335",1.09881607571401,5.01083908007178,1.00555627137979,5.61072645167181,3.10407467718528,9.3186827728403,3.39896504317528,8.60525280639627
"336",1.94510086580706,5.8571238703291,2.1480406583231,5.23633978369479,2.96861942999197,8.5409480444589,3.13554970613984,10.0433049690135
"337",1.8933638184664,5.64837284245573,2.08629886802434,6.69146904396956,2.5084537918209,8.72306179520842,3.42815111742823,10.3359063504147
"338",1.79959355297336,5.71161655777239,2.17452091954674,6.77969109306225,3.09870280246372,9.31331085981617,3.35948452638991,10.2672398041548
"339",1.48312554082301,0.460617662406229,1.70611500674127,4.79164596247584,2.89491000250121,9.10951807825415,3.40436454428038,7.68237893155572
"340",0.469287418510582,1.72109360025672,2.28432084499769,6.8894910275821,3.05355987442005,9.26816795207395,3.39768436340103,10.3054395671977
"341",1.75990520945259,5.33752115578939,1.48640239704316,1.53108879952934,2.56787736777045,7.70126545651698,3.26199089242573,9.08165129756821
"342",1.62983543415442,5.54185843922737,2.30158888005455,5.43307327553711,2.75738687356244,8.74063367425998,3.23515715634721,8.45849867909874
"343",-0.226116533528604,2.60359635589627,1.41161415745712,4.49994542974339,2.97066975847446,9.18514491332115,3.4448465490143,7.62178732325663
"344",1.94936749666037,5.40125375634808,1.82925482571997,6.43442500942376,2.70618510695982,8.92079319325813,3.45038556989891,10.3581407519117
"345",1.6506230761367,5.56264607744892,0.0186041893505688,4.62377437491614,3.10005871404024,6.38701127791848,3.39394644646211,10.3017016521338
"346",-1.45667064906719,2.45535234828927,2.2870092843781,5.61124499531199,2.23304753745879,8.4476556129303,3.25860279987762,9.13325949075693
"347",1.79002602322988,5.4956968158694,1.29614216622322,5.90131235191767,2.43316840190136,5.51263827314801,3.17019619799589,10.0779514593556
"348",1.68319820560951,5.59522121069161,2.13090202762467,6.73607220589827,3.10581232382532,9.3204202328871,3.4459461633719,10.2494598073972
"349",1.92100737002461,5.83303037339567,-0.931993001325893,2.91428412305214,2.9147172128641,8.34206525630219,2.79589846213844,9.70365365308794
"350",1.91404441253139,5.82606741464195,-1.12131263347044,3.48385752451335,2.58965960576069,5.93143487080539,3.44993357048975,10.3576885455591
"351",1.44257689248872,5.3545998953396,2.20618612329214,6.8113563071967,3.02104162994556,8.89749062527414,3.37683121048087,10.2845864509113
"352",1.80260188379477,5.71462488903119,1.22462704045387,5.82979722257282,1.31260156520472,7.17960423214396,3.45097915182896,9.64409334269044
"353",1.80271469133759,5.71473769612675,2.01209788975031,6.61726807541628,1.37398155424523,6.9946432451398,3.44494586979329,10.3527011485838
"354",1.16190015183842,5.07392315208551,1.92358366976057,6.52875385472923,3.10611549114356,5.3349496222508,3.3710959883382,9.45060252961923
"355",1.940556077495,5.85257907927552,1.96552806335988,6.57069823957271,1.84382746901036,8.05843516545974,2.51519092824628,9.42294620595874
"356",1.53654323017568,4.71625624243205,2.13088705555099,4.31041456633795,3.06817724290124,9.28278533456842,3.28458937646462,9.76047632319569
"357",0.747728221088966,3.66275692975312,1.32371266950496,5.92888283851616,2.47306002660827,8.68766809491768,3.2006983336978,10.1084536113542
"358",1.83831996485729,5.75034296330547,2.25496566631291,6.15736936132089,0.746996407506742,6.96160448473341,3.42136802398818,10.3291232503639
"359",1.5904983777981,5.50252136936675,2.1069976136194,6.71216779940657,2.88887846450132,8.35102947494306,2.36878699121689,9.27654225983861
"360",1.91761238992566,5.82963539477316,2.08229443597246,6.6874646071729,-2.53757403277797,3.67703405761927,3.19792342611777,10.1056786167559
"361",1.27135298495096,5.18337598934856,-0.239617550353572,4.36555261868412,1.55979552553487,7.77440360870327,3.33535225851938,10.243107465
"362",0.36187464785408,3.35925407245273,1.48321041673303,6.08838060117584,3.10535402617154,8.53059562710411,3.32857259788693,10.2363278551278
"363",1.32729572996423,5.23931873503163,0.306709249979207,4.85222472723518,3.10564563042021,9.32025372761171,3.29103707535432,9.61584573090363
"364",1.29168687724429,3.34012383393716,1.69561584311226,6.30078602760965,2.7904672104205,5.18601849490983,3.05520329870865,9.96283607063208
"365",0.73415166405816,4.11811564481702,2.22572512663811,5.04503056392731,3.0445784173146,7.14144857556482,2.87435755377498,9.78211275031595
"366",0.701408105910708,1.97531849565452,2.11920802100495,6.72437819376809,0.368361684791296,6.582969782173,2.91330213569495,9.82105733368053
"367",1.95021540998795,5.8622384146894,1.67251450234086,6.27768466106097,3.04987691364107,9.26448500896589,2.38014882899847,9.28790404705387
"368",1.95597162721221,5.8679946324446,-0.633412115300359,-1.10810340405595,2.89093971153403,8.92117941818674,3.12751220208611,10.0352673043809
"369",1.92660708513651,5.34389589192879,2.13430370832836,6.73947387762644,3.10438046774442,4.66065370897485,3.40541183955111,10.3131670841987
"370",0.866375081815569,2.29101067224762,1.97612984357708,4.51286551768055,2.96236069655947,9.17696869258822,-1.2129441481278,4.03008937005154
"371",1.10526531923042,5.01728789057147,0.997456101134631,4.15765378459075,2.17503626179047,5.74539977662664,3.37657068993042,10.2843258762548
"372",1.89891410082625,5.81093710090699,1.28896566143467,5.89413584741411,3.0310962132391,9.24570430217085,3.04931654301288,8.11745186493408
"373",1.93572294715384,5.84774595217502,2.15931576323865,4.27555548681951,2.84865287679395,9.06326091648526,3.09424966079564,10.0020048425387
"374",1.79685082704273,4.93902552641833,1.98000058464812,4.24215900038909,1.84305764259983,8.0028150639323,2.75666593655967,9.66442106398017
"375",1.16210527938297,4.95443707211628,1.95507555138059,2.10682810188526,2.28005740599082,5.18296030052562,3.2430759859227,10.1508311247212
"376",1.86480394526014,5.77682694959116,2.29805688177792,6.90322706442615,2.34679102661568,8.56139907986494,3.36562640029342,8.44858672708608
"377",1.91397981529561,5.82600281700333,2.15520316249567,6.66822936644679,3.10646588074735,9.32107397185939,3.39227249066244,10.3000277597957
"378",1.62218081992771,5.53420382184107,2.22161822986322,6.82678841242888,2.30129388495419,6.89738823379849,3.43275215609742,10.3405074348133
"379",1.89487628447927,3.41654562478858,1.66808598885871,6.2732561723339,2.80032837680159,6.36378647724734,2.30511407614904,9.12639534826144
"380",1.92899516266592,5.84101814863252,2.30090216945641,6.0283833397293,2.72549189856119,8.9400999510309,2.14926471729837,7.38889919239932
"381",1.30040989515679,5.21243286773301,2.272135009704,6.87730519276863,1.86218965194581,8.0767977118291,3.30790823099528,10.2156632056237
"382",1.28410150072249,3.57430648460164,2.29563229865636,6.90080248239248,2.84850827777672,9.06311615658194,2.97602277847602,9.07609880920643
"383",-1.95898573039678,1.95303726226522,1.46171228257933,4.19315022015142,2.97186393986425,6.76828932161044,3.35337196757553,9.26025181654234
"384",1.56713530665167,5.47915830944412,1.91764219735184,6.52281237754188,3.10498831464895,9.31959639418056,3.40066588408979,10.3084211130171
"385",1.90474296008504,3.66448305262057,2.06595443850028,3.10009410576698,2.84236133228143,8.83930383552661,2.70780752021267,8.74994386008643
"386",1.91470432310138,5.82672732384489,2.25664692729664,6.8618171086264,2.88390956982141,9.09851764002536,3.41229136811455,10.3200465811045
"387",1.26252704891927,5.17455005286416,2.24869054058335,6.85386072092012,3.09993644625331,7.91010136351144,2.29121222129686,9.1989673767531
"388",1.60758040526582,4.04505212910362,0.387030493840612,4.9922006790066,3.09852120178283,8.12668241350048,3.37232054595472,9.26708078135948
"389",0.552591075464612,4.46461407835073,2.25573236349592,5.93288957996322,3.1037784708866,8.59493164087189,3.42481910343258,10.3325743546101
"390",1.71450328514388,5.62652628739345,1.98704832152769,6.59221846087907,3.09770390866277,9.31231196202572,3.35906342927603,10.2668185871024
"391",1.0015513662741,4.91357436553572,1.95965476546237,3.4791921757663,3.10294984363134,9.31755793335429,3.44246835580145,10.35022354015
"392",1.94168294664177,5.85370595201524,2.10650333787387,6.71167352200359,2.97642388996354,9.19103197570814,2.47623890092359,9.00367379758222
"393",1.93132398732895,5.71673515539694,2.30162758748016,6.90679776409542,2.34150104758396,8.55610896600382,3.4428821873754,8.93465440991304
"394",1.68250077998785,5.5945237766233,1.78466465315893,6.38983483492768,0.958393675773152,5.93242344542381,3.16924120103033,10.0769964793525
"395",1.89661756205006,5.80864056518992,0.510154219132247,4.84271996772357,2.15767302954106,3.23729865819064,3.09745740483697,9.04507560492584
"396",1.95531953159706,4.63576554105859,2.26541229484411,6.87058248023813,3.06697829203017,9.28158638882491,3.4165206239503,10.3242758643986
"397",1.95090602208325,5.86292902732556,1.67049028993362,6.27566047436899,3.09407498183441,8.76673487292413,3.02214328530226,9.92989855004271
"398",1.84116459480152,3.06007602526308,1.50945813350246,4.24455109780641,1.77943178708114,7.99403985158108,3.19890506865204,10.1066603322184
"399",1.90169436870888,5.81371737291792,2.16080679517032,6.13432106038506,3.03799853863467,7.70591584307329,3.42140758268488,10.3291628578903
"400",0.787150584345966,1.99386492191971,2.30186318618846,6.90703337040142,2.52429743130165,8.73890551606002,3.45093605601971,10.3585436202462
"401",1.49049982962523,5.0533681395281,2.29668700137779,6.9018571825471,3.10686379458201,9.32147188424489,3.29519352793295,6.65700592828546
"402",1.81235899851663,5.72438200374133,2.10465112290674,6.70982130145741,0.451726265240552,4.90869884005559,3.06955046282474,6.81868422194816
"403",1.89925970725346,2.72987263552805,2.27677612634515,5.16159640838011,-0.0780296323599146,6.13657846569913,3.00559416057206,9.04029696642931
"404",1.89866075309595,5.81068375524539,2.30109199778576,6.90626218197488,2.07626002835735,8.29086811296798,3.4538677851582,10.3616230213901
"405",1.95465495939061,3.27374610926841,1.94572156641036,5.51525777113919,2.06970908038778,8.28431715849132,2.56529769615179,9.47305291400812
"406",1.03964848715609,4.95167149066015,1.6115881503413,6.21675833553475,3.08023083900258,9.29483883538006,3.42564946533446,10.3334046973268
"407",1.48158508833176,5.39360809323129,2.02749011502981,6.00847768222123,0.909765575262668,7.12437366882392,3.23296459661174,9.65379146132375
"408",1.69967660987491,5.61169960223682,1.69871478708021,6.19659813111687,3.02974878791866,9.24435688054064,3.33074747911166,10.2385027336061
"409",1.81433903108715,5.72636203155075,2.29107685276344,6.89624699302369,2.74670869728737,8.96131676980815,3.02969634925546,9.55743367838477
"410",1.95373401000048,1.54127084060502,2.01896734598604,6.62413753120329,2.945699055609,9.16030714906987,2.61580941346688,9.52356465027276
"411",1.87658220135451,5.78860520353456,2.29184498413915,6.6299524753389,2.72635017052846,8.94095814352511,3.40376434003917,10.3115195669594
"412",1.84459212454267,5.75661512583986,2.28928967504677,6.89445985823188,2.96352839490123,9.17813647594721,3.19858686982604,10.1063419961964
"413",1.56325939155116,5.47528238889323,2.2285952316027,6.83376540431195,2.60395727952653,8.81856518678518,3.33128288219382,10.2390381436952
"414",0.844236904574522,4.75625990318724,2.24816051383068,6.8533306936891,2.08342920144895,8.29803725952451,3.42534935400761,10.3331045239427
"415",1.92220480804751,5.83422781235002,2.07971768825094,6.68488781529528,2.35900382714539,8.57361192500775,3.38912315535345,10.2968784275736
"416",1.95510251593698,5.86712549006121,2.29686324283102,6.90203342818921,1.71980313297536,7.48981356598932,3.44731532224682,10.3550705239126
"417",1.57603369528682,5.48805669749779,2.1330003308713,6.73817051597975,3.10694325079498,9.32155134787945,3.07262326598163,7.65936984790324
"418",1.57423110567851,5.48625411098865,0.981355473257096,5.58652565827092,2.8285207279942,9.04312882442969,3.44558281576212,10.353338047443
"419",1.94615098976568,5.42171869665173,1.95331880710782,6.55848898935427,1.51928831753651,7.73389640642256,3.05739604192161,9.96515131160788
"420",1.69187289752259,5.60389590253381,2.25453519176477,4.02511990703249,2.7157156271474,8.93032368666508,3.42600036916383,10.3337555046689
"421",1.94322265350756,5.85524565804999,2.28399159304429,6.88916177495628,2.95644324188106,9.17105130958709,3.21090549922224,10.1186607165841
"422",1.92267491033004,0.318236926141751,2.16300228810996,6.76817247257758,2.41158609377806,8.62619410251193,3.43766743764581,10.3454226425488
"423",1.49045039357244,5.40247339405671,0.318196251815436,4.92336643663391,3.0422150074088,9.25682309842665,2.03328219800676,6.46200894758147
"424",0.962664002960956,4.3065722223339,2.3017429478414,6.90691307964728,2.88048356711641,9.09509165124149,3.22147901009089,8.64673080073226
"425",1.95469683055941,4.1473537287424,2.30150968981101,6.90667986484453,3.09775600707809,9.3123639890461,3.37925708759201,10.2870123094622
"426",1.84052438564546,5.4720578323785,1.45449525733193,6.05966543768106,3.00596389298499,8.48997560516597,3.02794296446825,8.81361780895122
"427",1.34151693410153,5.25353993848633,0.935969680986773,5.54113985736255,3.10514008233065,8.83301629570116,2.56916498676173,7.93243236691876
"428",0.974759984485296,3.92563176461562,0.937716287297633,3.59791161377919,2.90526660414844,9.11987469411929,3.42016445288243,10.3279197265373
"429",1.95025153099257,5.862274535479,1.87145755488473,6.47662773780908,1.87498663030851,7.08530563042257,3.34287864352643,9.38278751401174
"430",1.39517083920316,5.30264352493088,2.09666537927696,4.07386815163377,3.09966381862495,7.50176521391637,3.45387720015469,8.95596743548856
"431",1.68792937804743,5.59995238281987,2.129314032916,6.73448421884365,1.24437759314281,7.02669089303777,3.24324543759121,10.0234502389958
"432",1.87877245056809,5.7907954548573,2.13803950054924,4.66482269141298,3.07519657207371,9.28980463287934,3.36686435047454,10.2746194299783
"433",1.78890658511693,5.70092958889637,1.8880430580046,5.39586415394984,3.05752296696352,6.660526061307,2.2365058082022,9.1442608682745
"434",1.53399522213313,5.44601822662967,1.85740633012767,6.46257651336703,1.18003985032772,7.39464794660478,3.34835980651417,7.6976186117779
"435",1.70483314856108,5.61442072970245,2.11912039997077,6.72429058554873,3.07274372912173,8.18932672944163,2.13689048487799,7.32555705725781
"436",1.90102558690201,5.81304858789644,2.17743510126981,2.67531912124623,3.03899587406437,8.8424065828433,2.4514516695225,9.35920694011156
"437",1.95096330807283,4.72647755474185,0.466557196990379,5.07172737478558,1.4679856843498,7.68259378131023,3.37614902457619,10.2839042508617
"438",-1.23525760229993,2.5341878268346,2.30177570481744,6.90694588852487,3.03624989799448,9.25085799589266,3.45286786882218,10.3606230963728
"439",1.84924708578546,5.7612700900341,2.30252931550277,5.99018696034811,2.65333081926269,8.86793891523087,3.32991410478235,10.237669325096
"440",1.44334507762077,5.35536808097866,2.28962360109665,6.89479377692423,1.11871095884106,7.33331904706444,2.89577836220224,9.80353363920199
"441",0.706222125840384,4.61824513035114,1.87877659503177,6.48394678097006,2.02631433781738,8.24092242851549,3.45382194263618,9.6239191275489
"442",1.82809420077448,4.44345321661082,0.271860279283544,2.32886870830502,2.83044926676359,9.04505736119847,2.99393857787015,7.17795294073426
"443",1.41363160782805,5.2755278399377,-0.369977183893681,3.74994871601066,2.8426609729317,9.05726905536216,3.3892985139471,10.297053736355
"444",1.04829368238186,3.42188592211895,2.18832352968732,6.79349370810466,1.47490754259957,7.68951562213368,3.3071970384425,9.14425699121318
"445",-0.536081880230661,3.08588348231257,2.25211580179972,6.85728598771938,2.95252130563557,9.16712939960968,2.166616421909,9.07437168349327
"446",1.53377766474819,5.44580066633038,2.29841840784097,6.90358857887949,3.03121214512976,9.24582012168634,3.44800088304976,10.3557560663648
"447",1.84204667329747,5.75406960764232,2.19407370000341,6.79924387645158,3.00759276966556,7.88405586518576,2.59106320170667,9.49881819262805
"448",1.88386488645242,5.63331386945413,1.58355506720761,6.1887252514274,2.69314563890845,8.9077536471047,3.44731558635499,10.1516835006578
"449",1.72553243479276,5.63755543817179,0.761055435198699,5.36622562074378,3.09043639225268,9.30504448573771,-0.386399902226117,4.21091156711088
"450",1.8992852009553,5.81130820394072,2.02900560748725,6.63417578979264,2.60991172834019,8.20418875192632,3.44013182060712,9.62598644820537
"451",1.70649933262791,5.61852233709279,2.28446682353439,5.7694360150888,-1.22752659117208,-0.548507082064532,3.14631333478678,10.054068603518
"452",1.91444352129726,5.82646652086846,1.89803506569798,6.50320524986053,2.90493620059186,5.62609185658442,3.33828877634551,9.85385250178911
"453",1.74178167137193,5.65380467285564,2.09708791236417,6.70225808595991,3.04151076641642,9.2561188596913,3.08870196536304,7.96298432025173
"454",1.94359252300872,5.8532866257404,1.87424666001196,6.42443697562577,2.42683585074752,8.64144392291036,3.23746277770852,10.145218049541
"455",1.45493367649824,4.5227972948826,1.34362699443479,5.94879717975422,2.84602883731725,3.41314360822014,3.43087632652259,7.8752068760308
"456",1.94765888163808,5.8596818849695,2.22964613493193,2.74633749065372,3.09604662373073,9.31065470577715,3.23473005716346,10.1424853240017
"457",1.91685185730998,5.25995482670189,2.24062804958443,6.84579823494072,2.8898854141525,8.71888792214639,3.40818116149183,8.58780220197252
"458",1.83254207008241,5.62851762659511,1.44856593293808,5.34425983877048,2.43700066302182,7.98557534903415,2.85444934498526,9.7622045215752
"459",1.19404564580159,4.96578507843343,2.22158382521394,6.8267539990772,2.91327310376261,6.56618916288016,3.20632072516946,8.51305052369526
"460",1.92857473339674,4.42113471864918,2.30251114379031,6.90768132946852,2.88877923609311,8.76444182574437,3.01696543421724,9.63165382117268
"461",1.6117577428231,5.52378073084183,1.96606899625233,6.57123917875695,2.5357304778517,8.7503385419509,3.42689926168805,10.3346544022093
"462",1.95570085278007,5.86772385698815,2.28986153504584,4.85363007562849,0.719567500048527,6.93417557234847,3.36275890890693,10.2705141772111
"463",-0.00336696988107117,3.90865603229978,2.29124729258739,6.89641747661928,3.08137363199711,8.19282154688983,2.50458367059025,7.26598455161388
"464",1.44402322729152,5.35604623254895,1.88670187047946,6.49187203942631,1.78933530742376,8.00394339483574,3.0821345835227,8.88548929968192
"465",1.82625626602339,5.02749381621322,2.25408351617517,6.85925370180621,0.283649882929922,6.49825797868641,3.4470073370004,10.3547622570956
"466",1.54087891866357,5.45290192386031,2.28215502998272,6.88732520764805,2.8563784297516,9.07098652117838,3.41956343981474,10.3273187169694
"467",1.92567345915292,5.83769645704719,2.03037991612494,6.63555009877942,3.00286195731627,9.21747003441965,2.63722586550239,9.54498113866009
"468",-0.700829851705286,1.98051889679486,-0.486287432026586,2.9596387882487,2.54085913788418,8.75546722104633,2.53955953045215,7.74974240756342
"469",1.2630008549225,5.17502385502105,1.92519636626375,6.53036616525539,3.09410209066425,7.34115330457087,2.77696254641262,9.36460365572486
"470",1.80706161535664,5.71908461940901,1.65921245194399,3.55091692893787,2.5161296866367,8.73073777751131,2.9541520222964,9.86190724108769
"471",1.88715196657487,1.62076598702276,2.02849261684769,4.49437994775617,2.159209627976,6.37545041305196,3.27291900916509,10.180674280748
"472",1.64827719872233,5.56030020277979,2.30022363227414,6.90539380889643,3.04849018540511,9.26309809238796,1.14786999083219,6.0225677962884
"473",1.40310075504746,5.31512375974668,2.30241389700635,6.90758408015236,0.197510856117731,6.4121189492617,1.67627156570313,8.58402675473121
"474",1.94607271963118,5.85809572318264,1.40898683874335,4.42634149684086,3.03568797409201,9.25029606367013,2.8955368673204,9.80329205643193
"475",0.38389746440037,4.29592046976397,1.51579532015135,6.12096550581573,2.29489405392582,8.50950214961853,3.03882717943429,9.94658245320784
"476",1.68644770826401,2.70107967077374,-0.549560486767248,1.14426726315936,0.897088924441164,7.11169701763328,2.46981463575503,8.79045559387748
"477",1.65892925591381,4.9616420954713,2.27666838554192,6.88183856249718,2.91968714323866,9.13429523381939,3.37395481160968,10.2817100790572
"478",1.88438006465373,5.79640299291481,2.29511815460756,6.90028833418735,3.0407473090367,8.14937151075441,2.28659125017543,9.19434651116364
"479",1.13361139779169,5.0456343915262,2.29889382514726,6.90406399994571,2.86949310970942,9.08410118894017,2.89008473838817,7.8966967406501
"480",1.62645957671589,5.53848258191697,2.27362643037151,6.87879661611456,3.09897578664572,8.68627617565801,3.00241860266306,9.91017385386112
"481",1.70061088485547,5.61263388823288,1.97898611299101,6.58415629656473,1.17765607485097,7.39226415529612,3.44891890682868,10.3566741194174
"482",1.78240415948109,5.69442716402684,1.45379328170922,4.14464188792201,-0.334787863650717,5.87982020743431,2.87067917666423,5.34092354458971
"483",1.88220586043041,5.79422886405196,1.57681951653402,6.18198969263649,3.09866478470127,9.31327274362701,3.14024820795225,10.0480034752142
"484",0.561658558983318,4.47368155582169,1.63139933647619,6.2365695150056,3.04128078000258,9.25588883563654,3.45157472115761,10.359329992544
"485",1.69449438546103,5.60651737702548,2.30256340294412,6.90773358883074,3.09747784153785,8.35743509792957,2.96286831948009,9.00324027791601
"486",1.64492863352653,5.55695163747165,1.76443174725512,6.36960191525419,2.09820659676132,5.41646220092912,2.31960000944866,9.00305353570411
"487",-1.21021889772265,2.70180410510221,2.22047022429786,6.8256404071991,1.14107957881959,7.35568766470954,2.68216309955471,9.58991837592521
"488",1.34446364056199,5.25648664590991,2.18432074651487,6.78949093238957,3.07772072153591,6.65391237808012,3.28012575568494,7.90442751524552
"489",1.8556107258317,5.7676337282674,2.12948781056613,6.53941249063391,2.70679602006197,8.92140408443493,3.22750967170145,10.1352649121195
"490",1.9553430140667,3.59230085305852,2.16128135860374,6.76645154255073,0.286156736569012,6.50076483330383,3.4483831832282,10.3561384377952
"491",1.39887300623994,5.31089600821327,2.29155101512606,6.89672120047405,2.16929116416696,8.38389923647924,3.31061325733697,10.2183684772901
"492",1.86987270747483,4.61042398059934,2.08699881005445,6.69216899314168,3.03226933547245,9.00019085923799,3.30579977508421,10.213555040776
"493",1.93077891916677,5.84280192254761,2.30200459378248,6.90717472987846,3.10730394384865,9.3219120210149,2.35234145666959,9.10750823237697
"494",1.8898077115111,5.80183071263451,1.05917733230602,5.66434751277897,2.03646467621871,8.25107276513864,0.723960312502072,7.63171556100122
"495",1.9347624885402,5.84678549363913,0.0221231616846326,2.68478534203395,0.976926465036854,7.19153455736136,2.26130787612033,9.16906307621286
"496",1.86210023746024,5.77412324263111,2.00258584350142,6.60775602909077,-1.92494156660769,4.28966648248132,3.34685357566161,10.2546088054147
"497",0.651106189201556,4.56312918067141,0.824753679063832,3.51197157526315,2.22854481780223,8.17993088736625,3.21122701320382,8.05905110299614
"498",0.116913282097329,1.68718191167383,1.50437537384207,6.10954554926538,1.18236709628491,7.39697511338068,2.19669897081326,7.77662810746801
"499",1.48578701973279,4.98827754030049,1.05827842023865,5.66344860376117,3.07498359042796,9.28959168417708,3.08998566453715,9.99774094223449
"500",1.86434036927141,5.7763633719123,-0.342350772680646,4.26281940178698,3.01153648520847,7.78041011363069,3.45386883612241,10.3616240592687
